X,ID
1,Pat12_1_1_1
2,Pat12_1_1_3
3,Pat12_1_1_9
4,Pat12_1_1_10
5,Pat12_1_1_11
6,Pat12_1_1_18
7,Pat12_1_1_20
8,Pat12_1_1_21
9,Pat12_1_1_22
10,Pat12_1_1_25
11,Pat12_1_1_26
12,Pat12_1_1_27
13,Pat12_1_1_28
14,Pat12_1_1_33
15,Pat12_1_1_34
16,Pat12_1_1_35
17,Pat12_1_1_36
18,Pat12_1_1_37
19,Pat12_1_1_39
20,Pat12_1_1_40
21,Pat12_1_1_41
22,Pat12_1_1_42
23,Pat12_1_1_43
24,Pat12_1_1_44
25,Pat12_1_1_49
26,Pat12_1_1_50
27,Pat12_1_1_51
28,Pat12_1_1_52
29,Pat12_1_1_53
30,Pat12_1_1_55
31,Pat12_1_1_57
32,Pat12_1_1_58
33,Pat12_1_1_59
34,Pat12_1_1_60
35,Pat12_1_1_61
36,Pat12_1_1_65
37,Pat12_1_1_66
38,Pat12_1_1_67
39,Pat12_1_1_68
40,Pat12_1_1_69
41,Pat12_1_1_71
42,Pat12_1_1_73
43,Pat12_1_1_74
44,Pat12_1_1_75
45,Pat12_1_1_76
46,Pat12_1_1_77
47,Pat12_1_1_78
48,Pat12_1_1_81
49,Pat12_1_1_82
50,Pat12_1_1_83
51,Pat12_1_1_84
52,Pat12_1_1_85
53,Pat12_1_1_86
54,Pat12_1_1_87
55,Pat12_1_1_88
56,Pat12_1_1_89
57,Pat12_1_1_91
58,Pat12_1_1_92
59,Pat12_1_1_93
60,Pat12_1_1_94
61,Pat12_1_1_95
62,Pat12_1_1_97
63,Pat12_1_1_98
64,Pat12_1_1_99
65,Pat12_1_1_100
66,Pat12_1_1_101
67,Pat12_1_1_102
68,Pat12_1_1_103
69,Pat12_1_1_105
70,Pat12_1_1_106
71,Pat12_1_1_107
72,Pat12_1_1_108
73,Pat12_1_1_109
74,Pat12_1_1_110
75,Pat12_1_1_111
76,Pat12_1_1_113
77,Pat12_1_1_114
78,Pat12_1_1_115
79,Pat12_1_1_116
80,Pat12_1_1_118
81,Pat12_1_1_119
82,Pat12_1_1_121
83,Pat12_1_1_122
84,Pat12_1_1_123
85,Pat12_1_1_124
86,Pat12_1_1_125
87,Pat12_1_1_127
88,Pat12_1_1_128
89,Pat12_1_1_130
90,Pat12_1_1_131
91,Pat12_1_1_132
92,Pat12_1_1_133
93,Pat12_1_1_134
94,Pat12_1_1_135
95,Pat12_1_1_136
96,Pat12_1_1_137
97,Pat12_1_1_138
98,Pat12_1_1_139
99,Pat12_1_1_140
100,Pat12_1_1_141
101,Pat12_1_1_142
102,Pat12_1_1_143
103,Pat12_1_1_144
104,Pat12_1_1_145
105,Pat12_1_1_148
106,Pat12_1_1_149
107,Pat12_1_1_150
108,Pat12_1_1_152
109,Pat12_1_1_153
110,Pat12_1_1_156
111,Pat12_1_1_157
112,Pat12_1_1_158
113,Pat12_1_1_160
114,Pat12_1_1_163
115,Pat12_1_1_164
116,Pat12_1_1_165
117,Pat12_1_1_166
118,Pat12_1_1_170
119,Pat12_1_1_171
120,Pat12_1_1_172
121,Pat12_1_1_173
122,Pat12_1_1_174
123,Pat12_1_1_176
124,Pat12_1_1_177
125,Pat12_1_1_179
126,Pat12_1_1_180
127,Pat12_1_1_181
128,Pat12_1_1_182
129,Pat12_1_1_183
130,Pat12_1_1_184
131,Pat12_1_1_185
132,Pat12_1_1_186
133,Pat12_1_1_187
134,Pat12_1_1_188
135,Pat12_1_1_189
136,Pat12_1_1_191
137,Pat12_1_1_192
138,Pat12_2_2_2
139,Pat12_2_2_3
140,Pat12_2_2_4
141,Pat12_2_2_5
142,Pat12_2_2_6
143,Pat12_2_2_8
144,Pat12_2_2_9
145,Pat12_2_2_11
146,Pat12_2_2_12
147,Pat12_2_2_13
148,Pat12_2_2_14
149,Pat12_2_2_15
150,Pat12_2_2_16
151,Pat12_2_2_17
152,Pat12_2_2_18
153,Pat12_2_2_19
154,Pat12_2_2_20
155,Pat12_2_2_21
156,Pat12_2_2_22
157,Pat12_2_2_23
158,Pat12_2_2_24
159,Pat12_2_2_25
160,Pat12_2_2_26
161,Pat12_2_2_28
162,Pat12_2_2_29
163,Pat12_2_2_31
164,Pat12_2_2_32
165,Pat12_2_2_34
166,Pat12_2_2_35
167,Pat12_2_2_36
168,Pat12_2_2_37
169,Pat12_2_2_38
170,Pat12_2_2_39
171,Pat12_2_2_40
172,Pat12_2_2_42
173,Pat12_2_2_43
174,Pat12_2_2_44
175,Pat12_2_2_45
176,Pat12_2_2_46
177,Pat12_2_2_48
178,Pat12_2_2_50
179,Pat12_2_2_51
180,Pat12_2_2_53
181,Pat12_2_2_54
182,Pat12_2_2_55
183,Pat12_2_2_56
184,Pat12_2_2_57
185,Pat12_2_2_59
186,Pat12_2_2_61
187,Pat12_2_2_62
188,Pat12_2_2_65
189,Pat12_2_2_66
190,Pat12_2_2_67
191,Pat12_2_2_68
192,Pat12_2_2_69
193,Pat12_2_2_70
194,Pat12_2_2_71
195,Pat12_2_2_72
196,Pat12_2_2_74
197,Pat12_2_2_75
198,Pat12_2_2_76
199,Pat12_2_2_77
200,Pat12_2_2_78
201,Pat12_2_2_79
202,Pat12_2_2_80
203,Pat12_2_2_82
204,Pat12_2_2_83
205,Pat12_2_2_84
206,Pat12_2_2_85
207,Pat12_2_2_86
208,Pat12_2_2_87
209,Pat12_2_2_88
210,Pat12_2_2_89
211,Pat12_2_2_91
212,Pat12_2_2_92
213,Pat12_2_2_93
214,Pat12_2_2_96
215,Pat12_2_2_98
216,Pat12_2_2_99
217,Pat12_2_2_101
218,Pat12_2_2_102
219,Pat12_2_2_104
220,Pat12_2_2_106
221,Pat12_2_2_107
222,Pat12_2_2_108
223,Pat12_2_2_110
224,Pat12_2_2_111
225,Pat12_2_2_112
226,Pat12_2_2_113
227,Pat12_2_2_114
228,Pat12_2_2_115
229,Pat12_2_2_116
230,Pat12_2_2_117
231,Pat12_2_2_119
232,Pat12_2_2_120
233,Pat12_2_2_121
234,Pat12_2_2_122
235,Pat12_2_2_123
236,Pat12_2_2_124
237,Pat12_2_2_125
238,Pat12_2_2_126
239,Pat12_2_2_127
240,Pat12_2_2_128
241,Pat12_2_2_130
242,Pat12_2_2_132
243,Pat12_2_2_133
244,Pat12_2_2_134
245,Pat12_2_2_135
246,Pat12_2_2_136
247,Pat12_2_2_137
248,Pat12_2_2_138
249,Pat12_2_2_139
250,Pat12_2_2_140
251,Pat12_2_2_144
252,Pat12_2_2_146
253,Pat12_2_2_148
254,Pat12_2_2_149
255,Pat12_2_2_150
256,Pat12_2_2_151
257,Pat12_2_2_154
258,Pat12_2_2_155
259,Pat12_2_2_156
260,Pat12_2_2_157
261,Pat12_2_2_158
262,Pat12_2_2_159
263,Pat12_2_2_160
264,Pat12_2_2_164
265,Pat12_2_2_166
266,Pat12_2_2_168
267,Pat12_2_2_171
268,Pat12_2_2_172
269,Pat12_2_2_173
270,Pat12_2_2_175
271,Pat12_2_2_176
272,Pat12_2_2_179
273,Pat12_2_2_180
274,Pat12_2_2_181
275,Pat12_2_2_184
276,Pat12_2_2_186
277,Pat12_2_2_188
278,Pat12_2_2_189
279,Pat12_2_2_190
280,Pat12_1_5_26
281,Pat12_1_5_47
282,Pat12_1_5_65
283,Pat12_1_5_77
284,Pat12_1_5_108
285,Pat12_1_5_111
286,Pat12_1_5_168
287,Pat12_1_5_171
288,Pat12_1_5_186
289,Pat12_2_6_12
290,Pat12_2_6_31
291,Pat12_2_6_55
292,Pat12_2_6_67
293,Pat12_2_6_84
294,Pat12_2_6_91
295,Pat12_2_6_95
296,Pat12_2_6_98
297,Pat12_2_6_105
298,Pat12_2_6_130
299,Pat12_2_6_138
300,Pat12_2_6_140
301,Pat12_2_6_156
302,Pat12_2_6_181
303,Pat12_2_6_191
304,Pat15_GM_1_1_17
305,Pat15_GM_1_1_25
306,Pat15_GM_1_1_33
307,Pat15_GM_1_1_34
308,Pat15_GM_1_1_35
309,Pat15_GM_1_1_37
310,Pat15_GM_1_1_57
311,Pat15_GM_1_1_68
312,Pat15_GM_1_1_82
313,Pat15_GM_1_1_83
314,Pat15_GM_1_1_84
315,Pat15_GM_1_1_86
316,Pat15_GM_1_1_89
317,Pat15_GM_1_1_97
318,Pat15_GM_1_1_98
319,Pat15_GM_1_1_105
320,Pat15_GM_1_1_114
321,Pat15_GM_1_1_115
322,Pat15_GM_1_1_123
323,Pat15_GM_1_1_129
324,Pat15_GM_1_1_131
325,Pat15_GM_1_1_132
326,Pat15_GM_1_1_137
327,Pat15_GM_1_1_146
328,Pat15_GM_1_1_147
329,Pat15_GM_1_1_148
330,Pat15_GM_1_1_162
331,Pat15_GM_1_1_164
332,Pat15_GM_1_1_169
333,Pat15_GM_1_1_171
334,Pat15_GM_1_1_177
335,Pat15_GM_1_1_178
336,Pat15_GM_1_1_179
337,Pat15_GM_1_1_180
338,Pat15_GM_1_1_186
339,Pat15_GM_2_2_1
340,Pat15_GM_2_2_6
341,Pat15_GM_2_2_10
342,Pat15_GM_2_2_12
343,Pat15_GM_2_2_17
344,Pat15_GM_2_2_18
345,Pat15_GM_2_2_20
346,Pat15_GM_2_2_22
347,Pat15_GM_2_2_37
348,Pat15_GM_2_2_44
349,Pat15_GM_2_2_49
350,Pat15_GM_2_2_50
351,Pat15_GM_2_2_53
352,Pat15_GM_2_2_55
353,Pat15_GM_2_2_57
354,Pat15_GM_2_2_60
355,Pat15_GM_2_2_61
356,Pat15_GM_2_2_65
357,Pat15_GM_2_2_66
358,Pat15_GM_2_2_68
359,Pat15_GM_2_2_69
360,Pat15_GM_2_2_78
361,Pat15_GM_2_2_79
362,Pat15_GM_2_2_81
363,Pat15_GM_2_2_82
364,Pat15_GM_2_2_83
365,Pat15_GM_2_2_85
366,Pat15_GM_2_2_87
367,Pat15_GM_2_2_90
368,Pat15_GM_2_2_91
369,Pat15_GM_2_2_93
370,Pat15_GM_2_2_94
371,Pat15_GM_2_2_97
372,Pat15_GM_2_2_100
373,Pat15_GM_2_2_101
374,Pat15_GM_2_2_103
375,Pat15_GM_2_2_105
376,Pat15_GM_2_2_108
377,Pat15_GM_2_2_113
378,Pat15_GM_2_2_114
379,Pat15_GM_2_2_115
380,Pat15_GM_2_2_116
381,Pat15_GM_2_2_117
382,Pat15_GM_2_2_120
383,Pat15_GM_2_2_121
384,Pat15_GM_2_2_123
385,Pat15_GM_2_2_124
386,Pat15_GM_2_2_127
387,Pat15_GM_2_2_128
388,Pat15_GM_2_2_129
389,Pat15_GM_2_2_130
390,Pat15_GM_2_2_132
391,Pat15_GM_2_2_134
392,Pat15_GM_2_2_135
393,Pat15_GM_2_2_136
394,Pat15_GM_2_2_137
395,Pat15_GM_2_2_138
396,Pat15_GM_2_2_139
397,Pat15_GM_2_2_143
398,Pat15_GM_2_2_145
399,Pat15_GM_2_2_146
400,Pat15_GM_2_2_147
401,Pat15_GM_2_2_148
402,Pat15_GM_2_2_151
403,Pat15_GM_2_2_155
404,Pat15_GM_2_2_157
405,Pat15_GM_2_2_159
406,Pat15_GM_2_2_160
407,Pat15_GM_2_2_161
408,Pat15_GM_2_2_162
409,Pat15_GM_2_2_163
410,Pat15_GM_2_2_165
411,Pat15_GM_2_2_166
412,Pat15_GM_2_2_167
413,Pat15_GM_2_2_168
414,Pat15_GM_2_2_169
415,Pat15_GM_2_2_170
416,Pat15_GM_2_2_171
417,Pat15_GM_2_2_173
418,Pat15_GM_2_2_175
419,Pat15_GM_2_2_178
420,Pat15_GM_2_2_180
421,Pat15_GM_2_2_181
422,Pat15_GM_2_2_182
423,Pat15_GM_2_2_183
424,Pat15_GM_2_2_184
425,Pat15_GM_2_2_185
426,Pat15_GM_2_2_190
427,Pat15_GM_2_2_191
428,Pat15_GM_2_2_192
429,Pat15_WM_1_3_9
430,Pat15_WM_1_3_18
431,Pat15_WM_1_3_25
432,Pat15_WM_1_3_35
433,Pat15_WM_1_3_41
434,Pat15_WM_1_3_49
435,Pat15_WM_1_3_50
436,Pat15_WM_1_3_57
437,Pat15_WM_1_3_58
438,Pat15_WM_1_3_65
439,Pat15_WM_1_3_66
440,Pat15_WM_1_3_73
441,Pat15_WM_1_3_81
442,Pat15_WM_1_3_82
443,Pat15_WM_1_3_89
444,Pat15_WM_1_3_97
445,Pat15_WM_1_3_98
446,Pat15_WM_1_3_105
447,Pat15_WM_1_3_113
448,Pat15_WM_1_3_121
449,Pat15_WM_1_3_122
450,Pat15_WM_1_3_129
451,Pat15_WM_1_3_131
452,Pat15_WM_1_3_133
453,Pat15_WM_1_3_147
454,Pat15_WM_1_3_148
455,Pat15_WM_1_3_149
456,Pat15_WM_1_3_153
457,Pat15_WM_1_3_161
458,Pat15_WM_1_3_162
459,Pat15_WM_1_3_163
460,Pat15_WM_1_3_164
461,Pat15_WM_1_3_165
462,Pat15_WM_1_3_166
463,Pat15_WM_1_3_169
464,Pat15_WM_1_3_170
465,Pat15_WM_1_3_179
466,Pat15_WM_1_3_183
467,Pat15_WM_1_3_188
468,Pat15_WM_1_3_189
469,Pat15_WM_2_4_1
470,Pat15_WM_2_4_3
471,Pat15_WM_2_4_6
472,Pat15_WM_2_4_8
473,Pat15_WM_2_4_9
474,Pat15_WM_2_4_11
475,Pat15_WM_2_4_22
476,Pat15_WM_2_4_23
477,Pat15_WM_2_4_24
478,Pat15_WM_2_4_26
479,Pat15_WM_2_4_28
480,Pat15_WM_2_4_34
481,Pat15_WM_2_4_35
482,Pat15_WM_2_4_36
483,Pat15_WM_2_4_38
484,Pat15_WM_2_4_39
485,Pat15_WM_2_4_43
486,Pat15_WM_2_4_50
487,Pat15_WM_2_4_52
488,Pat15_WM_2_4_55
489,Pat15_WM_2_4_61
490,Pat15_WM_2_4_62
491,Pat15_WM_2_4_66
492,Pat15_WM_2_4_67
493,Pat15_WM_2_4_68
494,Pat15_WM_2_4_69
495,Pat15_WM_2_4_71
496,Pat15_WM_2_4_72
497,Pat15_WM_2_4_73
498,Pat15_WM_2_4_75
499,Pat15_WM_2_4_79
500,Pat15_WM_2_4_82
501,Pat15_WM_2_4_83
502,Pat15_WM_2_4_84
503,Pat15_WM_2_4_86
504,Pat15_WM_2_4_87
505,Pat15_WM_2_4_90
506,Pat15_WM_2_4_93
507,Pat15_WM_2_4_96
508,Pat15_WM_2_4_98
509,Pat15_WM_2_4_99
510,Pat15_WM_2_4_100
511,Pat15_WM_2_4_101
512,Pat15_WM_2_4_104
513,Pat15_WM_2_4_105
514,Pat15_WM_2_4_107
515,Pat15_WM_2_4_108
516,Pat15_WM_2_4_109
517,Pat15_WM_2_4_112
518,Pat15_WM_2_4_114
519,Pat15_WM_2_4_118
520,Pat15_WM_2_4_119
521,Pat15_WM_2_4_121
522,Pat15_WM_2_4_123
523,Pat15_WM_2_4_130
524,Pat15_WM_2_4_131
525,Pat15_WM_2_4_132
526,Pat15_WM_2_4_133
527,Pat15_WM_2_4_136
528,Pat15_WM_2_4_137
529,Pat15_WM_2_4_138
530,Pat15_WM_2_4_141
531,Pat15_WM_2_4_144
532,Pat15_WM_2_4_146
533,Pat15_WM_2_4_148
534,Pat15_WM_2_4_149
535,Pat15_WM_2_4_150
536,Pat15_WM_2_4_151
537,Pat15_WM_2_4_152
538,Pat15_WM_2_4_155
539,Pat15_WM_2_4_156
540,Pat15_WM_2_4_158
541,Pat15_WM_2_4_159
542,Pat15_WM_2_4_161
543,Pat15_WM_2_4_162
544,Pat15_WM_2_4_165
545,Pat15_WM_2_4_166
546,Pat15_WM_2_4_168
547,Pat15_WM_2_4_169
548,Pat15_WM_2_4_172
549,Pat15_WM_2_4_173
550,Pat15_WM_2_4_174
551,Pat15_WM_2_4_175
552,Pat15_WM_2_4_176
553,Pat15_WM_2_4_177
554,Pat15_WM_2_4_179
555,Pat15_WM_2_4_180
556,Pat15_WM_2_4_182
557,Pat15_WM_2_4_184
558,Pat15_WM_2_4_186
559,Pat15_WM_2_4_190
560,Pat11_micr_1_5_17
561,Pat11_micr_1_5_25
562,Pat11_micr_1_5_33
563,Pat11_micr_1_5_49
564,Pat11_micr_1_5_50
565,Pat11_micr_1_5_51
566,Pat11_micr_1_5_65
567,Pat11_micr_1_5_66
568,Pat11_micr_1_5_68
569,Pat11_micr_1_5_81
570,Pat11_micr_1_5_90
571,Pat11_micr_1_5_101
572,Pat11_micr_1_5_113
573,Pat11_micr_1_5_114
574,Pat11_micr_1_5_115
575,Pat11_micr_1_5_116
576,Pat11_micr_1_5_121
577,Pat11_micr_1_5_122
578,Pat11_micr_1_5_129
579,Pat11_micr_1_5_130
580,Pat11_micr_1_5_131
581,Pat11_micr_1_5_132
582,Pat11_micr_1_5_137
583,Pat11_micr_1_5_139
584,Pat11_micr_1_5_146
585,Pat11_micr_1_5_147
586,Pat11_micr_1_5_148
587,Pat11_micr_1_5_155
588,Pat11_micr_1_5_161
589,Pat11_micr_1_5_162
590,Pat11_micr_1_5_163
591,Pat11_micr_1_5_165
592,Pat11_micr_1_5_171
593,Pat11_micr_1_5_172
594,Pat11_micr_1_5_177
595,Pat11_micr_1_5_179
596,Pat11_micr_1_5_181
597,Pat11_micr_1_5_182
598,Pat11_micr_1_5_185
599,Pat11_micr_1_5_186
600,Pat11_micr_1_5_188
601,Pat11_micr_2_6_1
602,Pat11_micr_2_6_2
603,Pat11_micr_2_6_3
604,Pat11_micr_2_6_6
605,Pat11_micr_2_6_7
606,Pat11_micr_2_6_11
607,Pat11_micr_2_6_17
608,Pat11_micr_2_6_18
609,Pat11_micr_2_6_21
610,Pat11_micr_2_6_22
611,Pat11_micr_2_6_24
612,Pat11_micr_2_6_26
613,Pat11_micr_2_6_27
614,Pat11_micr_2_6_34
615,Pat11_micr_2_6_35
616,Pat11_micr_2_6_38
617,Pat11_micr_2_6_40
618,Pat11_micr_2_6_43
619,Pat11_micr_2_6_49
620,Pat11_micr_2_6_51
621,Pat11_micr_2_6_52
622,Pat11_micr_2_6_54
623,Pat11_micr_2_6_55
624,Pat11_micr_2_6_59
625,Pat11_micr_2_6_60
626,Pat11_micr_2_6_61
627,Pat11_micr_2_6_65
628,Pat11_micr_2_6_66
629,Pat11_micr_2_6_67
630,Pat11_micr_2_6_68
631,Pat11_micr_2_6_69
632,Pat11_micr_2_6_70
633,Pat11_micr_2_6_71
634,Pat11_micr_2_6_72
635,Pat11_micr_2_6_73
636,Pat11_micr_2_6_74
637,Pat11_micr_2_6_75
638,Pat11_micr_2_6_82
639,Pat11_micr_2_6_85
640,Pat11_micr_2_6_86
641,Pat11_micr_2_6_88
642,Pat11_micr_2_6_89
643,Pat11_micr_2_6_90
644,Pat11_micr_2_6_91
645,Pat11_micr_2_6_93
646,Pat11_micr_2_6_97
647,Pat11_micr_2_6_99
648,Pat11_micr_2_6_101
649,Pat11_micr_2_6_105
650,Pat11_micr_2_6_106
651,Pat11_micr_2_6_107
652,Pat11_micr_2_6_113
653,Pat11_micr_2_6_116
654,Pat11_micr_2_6_117
655,Pat11_micr_2_6_119
656,Pat11_micr_2_6_120
657,Pat11_micr_2_6_121
658,Pat11_micr_2_6_122
659,Pat11_micr_2_6_124
660,Pat11_micr_2_6_125
661,Pat11_micr_2_6_132
662,Pat11_micr_2_6_133
663,Pat11_micr_2_6_134
664,Pat11_micr_2_6_136
665,Pat11_micr_2_6_137
666,Pat11_micr_2_6_138
667,Pat11_micr_2_6_140
668,Pat11_micr_2_6_143
669,Pat11_micr_2_6_144
670,Pat11_micr_2_6_145
671,Pat11_micr_2_6_146
672,Pat11_micr_2_6_147
673,Pat11_micr_2_6_148
674,Pat11_micr_2_6_152
675,Pat11_micr_2_6_155
676,Pat11_micr_2_6_160
677,Pat11_micr_2_6_163
678,Pat11_micr_2_6_165
679,Pat11_micr_2_6_166
680,Pat11_micr_2_6_167
681,Pat11_micr_2_6_168
682,Pat11_micr_2_6_173
683,Pat11_micr_2_6_174
684,Pat11_micr_2_6_178
685,Pat11_micr_2_6_181
686,Pat11_micr_2_6_182
687,Pat11_micr_2_6_184
688,Pat11_micr_2_6_186
689,Pat11_all_1_7_1
690,Pat11_all_1_7_17
691,Pat11_all_1_7_18
692,Pat11_all_1_7_34
693,Pat11_all_1_7_41
694,Pat11_all_1_7_49
695,Pat11_all_1_7_50
696,Pat11_all_1_7_66
697,Pat11_all_1_7_67
698,Pat11_all_1_7_73
699,Pat11_all_1_7_81
700,Pat11_all_1_7_82
701,Pat11_all_1_7_83
702,Pat11_all_1_7_84
703,Pat11_all_1_7_98
704,Pat11_all_1_7_99
705,Pat11_all_1_7_100
706,Pat11_all_1_7_105
707,Pat11_all_1_7_113
708,Pat11_all_1_7_114
709,Pat11_all_1_7_115
710,Pat11_all_1_7_121
711,Pat11_all_1_7_122
712,Pat11_all_1_7_130
713,Pat11_all_1_7_131
714,Pat11_all_1_7_132
715,Pat11_all_1_7_148
716,Pat11_all_1_7_153
717,Pat11_all_1_7_161
718,Pat11_all_1_7_162
719,Pat11_all_1_7_163
720,Pat11_all_1_7_164
721,Pat11_all_1_7_165
722,Pat11_all_1_7_166
723,Pat11_all_1_7_169
724,Pat11_all_1_7_170
725,Pat11_all_1_7_177
726,Pat11_all_1_7_178
727,Pat11_all_1_7_179
728,Pat11_all_1_7_180
729,Pat11_all_1_7_181
730,Pat11_all_1_7_182
731,Pat11_all_1_7_186
732,Pat11_all_1_8_1
733,Pat11_all_1_8_7
734,Pat11_all_1_8_9
735,Pat11_all_1_8_11
736,Pat11_all_1_8_12
737,Pat11_all_1_8_17
738,Pat11_all_1_8_18
739,Pat11_all_1_8_19
740,Pat11_all_1_8_20
741,Pat11_all_1_8_21
742,Pat11_all_1_8_23
743,Pat11_all_1_8_25
744,Pat11_all_1_8_26
745,Pat11_all_1_8_28
746,Pat11_all_1_8_33
747,Pat11_all_1_8_34
748,Pat11_all_1_8_39
749,Pat11_all_1_8_42
750,Pat11_all_1_8_49
751,Pat11_all_1_8_50
752,Pat11_all_1_8_52
753,Pat11_all_1_8_56
754,Pat11_all_1_8_67
755,Pat11_all_1_8_69
756,Pat11_all_1_8_70
757,Pat11_all_1_8_72
758,Pat11_all_1_8_73
759,Pat11_all_1_8_75
760,Pat11_all_1_8_78
761,Pat11_all_1_8_79
762,Pat11_all_1_8_81
763,Pat11_all_1_8_82
764,Pat11_all_1_8_83
765,Pat11_all_1_8_84
766,Pat11_all_1_8_85
767,Pat11_all_1_8_87
768,Pat11_all_1_8_88
769,Pat11_all_1_8_89
770,Pat11_all_1_8_91
771,Pat11_all_1_8_92
772,Pat11_all_1_8_94
773,Pat11_all_1_8_96
774,Pat11_all_1_8_97
775,Pat11_all_1_8_102
776,Pat11_all_1_8_103
777,Pat11_all_1_8_106
778,Pat11_all_1_8_107
779,Pat11_all_1_8_108
780,Pat11_all_1_8_109
781,Pat11_all_1_8_110
782,Pat11_all_1_8_112
783,Pat11_all_1_8_115
784,Pat11_all_1_8_116
785,Pat11_all_1_8_117
786,Pat11_all_1_8_118
787,Pat11_all_1_8_120
788,Pat11_all_1_8_123
789,Pat11_all_1_8_125
790,Pat11_all_1_8_126
791,Pat11_all_1_8_127
792,Pat11_all_1_8_128
793,Pat11_all_1_8_130
794,Pat11_all_1_8_134
795,Pat11_all_1_8_136
796,Pat11_all_1_8_138
797,Pat11_all_1_8_139
798,Pat11_all_1_8_142
799,Pat11_all_1_8_144
800,Pat11_all_1_8_146
801,Pat11_all_1_8_147
802,Pat11_all_1_8_148
803,Pat11_all_1_8_149
804,Pat11_all_1_8_150
805,Pat11_all_1_8_152
806,Pat11_all_1_8_156
807,Pat11_all_1_8_157
808,Pat11_all_1_8_159
809,Pat11_all_1_8_160
810,Pat11_all_1_8_162
811,Pat11_all_1_8_163
812,Pat11_all_1_8_166
813,Pat11_all_1_8_167
814,Pat11_all_1_8_168
815,Pat11_all_1_8_171
816,Pat11_all_1_8_172
817,Pat11_all_1_8_173
818,Pat11_all_1_8_174
819,Pat11_all_1_8_175
820,Pat11_all_1_8_176
821,Pat11_all_1_8_177
822,Pat11_all_1_8_179
823,Pat11_all_1_8_182
824,Pat11_all_1_8_183
825,Pat11_all_1_8_184
826,Pat11_all_1_8_187
827,Pat11_all_1_8_188
828,Pat11_all_1_8_189
829,Pat11_all_1_8_190
830,Pat11_all_1_8_191
831,Pat10_GM_1_3
832,Pat10_GM_1_9
833,Pat10_GM_1_10
834,Pat10_GM_1_11
835,Pat10_GM_1_12
836,Pat10_GM_1_18
837,Pat10_GM_1_21
838,Pat10_GM_1_22
839,Pat10_GM_1_25
840,Pat10_GM_1_26
841,Pat10_GM_1_27
842,Pat10_GM_1_28
843,Pat10_GM_1_33
844,Pat10_GM_1_35
845,Pat10_GM_1_36
846,Pat10_GM_1_43
847,Pat10_GM_1_45
848,Pat10_GM_1_50
849,Pat10_GM_1_51
850,Pat10_GM_1_53
851,Pat10_GM_1_57
852,Pat10_GM_1_61
853,Pat10_GM_1_66
854,Pat10_GM_1_68
855,Pat10_GM_1_72
856,Pat10_GM_1_73
857,Pat10_GM_1_77
858,Pat10_GM_1_81
859,Pat10_GM_1_84
860,Pat10_GM_1_85
861,Pat10_GM_1_86
862,Pat10_GM_1_88
863,Pat10_GM_1_91
864,Pat10_GM_1_92
865,Pat10_GM_1_93
866,Pat10_GM_1_97
867,Pat10_GM_1_100
868,Pat10_GM_1_102
869,Pat10_GM_1_114
870,Pat10_GM_1_115
871,Pat10_GM_1_116
872,Pat10_GM_1_118
873,Pat10_GM_1_124
874,Pat10_GM_1_125
875,Pat10_GM_1_129
876,Pat10_GM_1_130
877,Pat10_GM_1_132
878,Pat10_GM_1_134
879,Pat10_GM_1_136
880,Pat10_GM_1_137
881,Pat10_GM_1_140
882,Pat10_GM_1_147
883,Pat10_GM_1_148
884,Pat10_GM_1_154
885,Pat10_GM_1_155
886,Pat10_GM_1_156
887,Pat10_GM_1_158
888,Pat10_GM_1_161
889,Pat10_GM_1_167
890,Pat10_GM_1_175
891,Pat10_GM_1_179
892,Pat10_GM_1_183
893,Pat10_GM_1_184
894,Pat10_GM_1_187
895,Pat10_GM_1_189
896,Pat10_GM_2_5
897,Pat10_GM_2_6
898,Pat10_GM_2_10
899,Pat10_GM_2_14
900,Pat10_GM_2_22
901,Pat10_GM_2_24
902,Pat10_GM_2_28
903,Pat10_GM_2_30
904,Pat10_GM_2_31
905,Pat10_GM_2_36
906,Pat10_GM_2_48
907,Pat10_GM_2_53
908,Pat10_GM_2_54
909,Pat10_GM_2_60
910,Pat10_GM_2_63
911,Pat10_GM_2_67
912,Pat10_GM_2_68
913,Pat10_GM_2_70
914,Pat10_GM_2_75
915,Pat10_GM_2_76
916,Pat10_GM_2_83
917,Pat10_GM_2_84
918,Pat10_GM_2_85
919,Pat10_GM_2_88
920,Pat10_GM_2_94
921,Pat10_GM_2_96
922,Pat10_GM_2_101
923,Pat10_GM_2_108
924,Pat10_GM_2_110
925,Pat10_GM_2_111
926,Pat10_GM_2_112
927,Pat10_GM_2_117
928,Pat10_GM_2_118
929,Pat10_GM_2_120
930,Pat10_GM_2_124
931,Pat10_GM_2_128
932,Pat10_GM_2_135
933,Pat10_GM_2_136
934,Pat10_GM_2_142
935,Pat10_GM_2_143
936,Pat10_GM_2_144
937,Pat10_GM_2_152
938,Pat10_GM_2_157
939,Pat10_GM_2_158
940,Pat10_GM_2_159
941,Pat10_GM_2_160
942,Pat10_GM_2_167
943,Pat10_GM_2_168
944,Pat10_GM_2_174
945,Pat10_GM_2_181
946,Pat10_GM_2_191
947,Pat10_GM_2_192
948,Pat10_WM_1_4
949,Pat10_WM_1_6
950,Pat10_WM_1_18
951,Pat10_WM_1_20
952,Pat10_WM_1_21
953,Pat10_WM_1_25
954,Pat10_WM_1_31
955,Pat10_WM_1_33
956,Pat10_WM_1_34
957,Pat10_WM_1_35
958,Pat10_WM_1_36
959,Pat10_WM_1_37
960,Pat10_WM_1_43
961,Pat10_WM_1_50
962,Pat10_WM_1_51
963,Pat10_WM_1_52
964,Pat10_WM_1_53
965,Pat10_WM_1_54
966,Pat10_WM_1_58
967,Pat10_WM_1_59
968,Pat10_WM_1_68
969,Pat10_WM_1_73
970,Pat10_WM_1_84
971,Pat10_WM_1_87
972,Pat10_WM_1_91
973,Pat10_WM_1_92
974,Pat10_WM_1_97
975,Pat10_WM_1_98
976,Pat10_WM_1_101
977,Pat10_WM_1_115
978,Pat10_WM_1_118
979,Pat10_WM_1_119
980,Pat10_WM_1_121
981,Pat10_WM_1_129
982,Pat10_WM_1_131
983,Pat10_WM_1_132
984,Pat10_WM_1_135
985,Pat10_WM_1_136
986,Pat10_WM_1_137
987,Pat10_WM_1_139
988,Pat10_WM_1_148
989,Pat10_WM_1_151
990,Pat10_WM_1_155
991,Pat10_WM_1_156
992,Pat10_WM_1_158
993,Pat10_WM_1_167
994,Pat10_WM_1_168
995,Pat10_WM_1_172
996,Pat10_WM_1_173
997,Pat10_WM_1_179
998,Pat10_WM_1_184
999,Pat10_WM_1_190
1000,Pat10_WM_1_191
1001,Pat7_GM_2_2
1002,Pat7_GM_2_3
1003,Pat7_GM_2_4
1004,Pat7_GM_2_5
1005,Pat7_GM_2_6
1006,Pat7_GM_2_7
1007,Pat7_GM_2_10
1008,Pat7_GM_2_11
1009,Pat7_GM_2_12
1010,Pat7_GM_2_14
1011,Pat7_GM_2_15
1012,Pat7_GM_2_18
1013,Pat7_GM_2_19
1014,Pat7_GM_2_20
1015,Pat7_GM_2_21
1016,Pat7_GM_2_24
1017,Pat7_GM_2_27
1018,Pat7_GM_2_28
1019,Pat7_GM_2_29
1020,Pat7_GM_2_30
1021,Pat7_GM_2_31
1022,Pat7_GM_2_35
1023,Pat7_GM_2_36
1024,Pat7_GM_2_37
1025,Pat7_GM_2_39
1026,Pat7_GM_2_43
1027,Pat7_GM_2_44
1028,Pat7_GM_2_45
1029,Pat7_GM_2_46
1030,Pat7_GM_2_51
1031,Pat7_GM_2_52
1032,Pat7_GM_2_53
1033,Pat7_GM_2_55
1034,Pat7_GM_2_56
1035,Pat7_GM_2_60
1036,Pat7_GM_2_61
1037,Pat7_GM_2_62
1038,Pat7_GM_2_63
1039,Pat7_GM_2_68
1040,Pat7_GM_2_69
1041,Pat7_GM_2_70
1042,Pat7_GM_2_71
1043,Pat7_GM_2_72
1044,Pat7_GM_2_76
1045,Pat7_GM_2_78
1046,Pat7_GM_2_79
1047,Pat7_GM_2_80
1048,Pat7_GM_2_83
1049,Pat7_GM_2_84
1050,Pat7_GM_2_85
1051,Pat7_GM_2_86
1052,Pat7_GM_2_87
1053,Pat7_GM_2_88
1054,Pat7_GM_2_92
1055,Pat7_GM_2_94
1056,Pat7_GM_2_95
1057,Pat7_GM_2_101
1058,Pat7_GM_2_102
1059,Pat7_GM_2_103
1060,Pat7_GM_2_104
1061,Pat7_GM_2_108
1062,Pat7_GM_2_109
1063,Pat7_GM_2_110
1064,Pat7_GM_2_112
1065,Pat7_GM_2_115
1066,Pat7_GM_2_116
1067,Pat7_GM_2_117
1068,Pat7_GM_2_118
1069,Pat7_GM_2_119
1070,Pat7_GM_2_120
1071,Pat7_GM_2_125
1072,Pat7_GM_2_126
1073,Pat7_GM_2_127
1074,Pat7_GM_2_134
1075,Pat7_GM_2_135
1076,Pat7_GM_2_136
1077,Pat7_GM_2_141
1078,Pat7_GM_2_142
1079,Pat7_GM_2_143
1080,Pat7_GM_2_149
1081,Pat7_GM_2_151
1082,Pat7_GM_2_152
1083,Pat7_GM_2_153
1084,Pat7_GM_2_157
1085,Pat7_GM_2_158
1086,Pat7_GM_2_159
1087,Pat7_GM_2_160
1088,Pat7_GM_2_165
1089,Pat7_GM_2_166
1090,Pat7_GM_2_167
1091,Pat7_GM_2_168
1092,Pat7_GM_2_173
1093,Pat7_GM_2_174
1094,Pat7_GM_2_175
1095,Pat7_GM_2_176
1096,Pat7_GM_2_182
1097,Pat7_GM_2_183
1098,Pat7_GM_2_184
1099,Pat7_GM_2_189
1100,Pat7_GM_2_190
1101,Pat7_GM_2_192
1102,Pat7_WM_MSCtrl_1_2
1103,Pat7_WM_MSCtrl_1_4
1104,Pat7_WM_MSCtrl_1_5
1105,Pat7_WM_MSCtrl_1_11
1106,Pat7_WM_MSCtrl_1_12
1107,Pat7_WM_MSCtrl_1_21
1108,Pat7_WM_MSCtrl_1_23
1109,Pat7_WM_MSCtrl_1_27
1110,Pat7_WM_MSCtrl_1_34
1111,Pat7_WM_MSCtrl_1_35
1112,Pat7_WM_MSCtrl_1_36
1113,Pat7_WM_MSCtrl_1_37
1114,Pat7_WM_MSCtrl_1_38
1115,Pat7_WM_MSCtrl_1_43
1116,Pat7_WM_MSCtrl_1_50
1117,Pat7_WM_MSCtrl_1_51
1118,Pat7_WM_MSCtrl_1_52
1119,Pat7_WM_MSCtrl_1_54
1120,Pat7_WM_MSCtrl_1_58
1121,Pat7_WM_MSCtrl_1_59
1122,Pat7_WM_MSCtrl_1_60
1123,Pat7_WM_MSCtrl_1_61
1124,Pat7_WM_MSCtrl_1_67
1125,Pat7_WM_MSCtrl_1_71
1126,Pat7_WM_MSCtrl_1_75
1127,Pat7_WM_MSCtrl_1_82
1128,Pat7_WM_MSCtrl_1_83
1129,Pat7_WM_MSCtrl_1_84
1130,Pat7_WM_MSCtrl_1_86
1131,Pat7_WM_MSCtrl_1_92
1132,Pat7_WM_MSCtrl_1_93
1133,Pat7_WM_MSCtrl_1_100
1134,Pat7_WM_MSCtrl_1_103
1135,Pat7_WM_MSCtrl_1_105
1136,Pat7_WM_MSCtrl_1_110
1137,Pat7_WM_MSCtrl_1_115
1138,Pat7_WM_MSCtrl_1_117
1139,Pat7_WM_MSCtrl_1_120
1140,Pat7_WM_MSCtrl_1_121
1141,Pat7_WM_MSCtrl_1_132
1142,Pat7_WM_MSCtrl_1_135
1143,Pat7_WM_MSCtrl_1_158
1144,Pat7_WM_MSCtrl_1_163
1145,Pat7_WM_MSCtrl_1_166
1146,Pat7_WM_MSCtrl_1_168
1147,Pat7_WM_MSCtrl_1_171
1148,Pat7_WM_MSCtrl_1_173
1149,Pat7_WM_MSCtrl_1_174
1150,Pat7_WM_MSCtrl_1_176
1151,Pat7_WM_MSCtrl_1_179
1152,Pat7_WM_MSCtrl_1_180
1153,Pat7_WM_MSCtrl_1_181
1154,Pat7_WM_MSCtrl_1_184
1155,Pat7_WM_MSCtrl_1_187
1156,Pat7_WM_MSCtrl_1_188
1157,Pat7_WM_MSCtrl_1_189
1158,Pat7_WM_MSCtrl_1_190
1159,Pat7_WM_MSCtrl_2_7
1160,Pat7_WM_MSCtrl_2_8
1161,Pat7_WM_MSCtrl_2_11
1162,Pat7_WM_MSCtrl_2_28
1163,Pat7_WM_MSCtrl_2_32
1164,Pat7_WM_MSCtrl_2_35
1165,Pat7_WM_MSCtrl_2_39
1166,Pat7_WM_MSCtrl_2_40
1167,Pat7_WM_MSCtrl_2_43
1168,Pat7_WM_MSCtrl_2_44
1169,Pat7_WM_MSCtrl_2_47
1170,Pat7_WM_MSCtrl_2_48
1171,Pat7_WM_MSCtrl_2_54
1172,Pat7_WM_MSCtrl_2_56
1173,Pat7_WM_MSCtrl_2_62
1174,Pat7_WM_MSCtrl_2_64
1175,Pat7_WM_MSCtrl_2_67
1176,Pat7_WM_MSCtrl_2_69
1177,Pat7_WM_MSCtrl_2_70
1178,Pat7_WM_MSCtrl_2_72
1179,Pat7_WM_MSCtrl_2_83
1180,Pat7_WM_MSCtrl_2_84
1181,Pat7_WM_MSCtrl_2_86
1182,Pat7_WM_MSCtrl_2_93
1183,Pat7_WM_MSCtrl_2_101
1184,Pat7_WM_MSCtrl_2_110
1185,Pat7_WM_MSCtrl_2_111
1186,Pat7_WM_MSCtrl_2_118
1187,Pat7_WM_MSCtrl_2_128
1188,Pat7_WM_MSCtrl_2_142
1189,Pat7_WM_MSCtrl_2_151
1190,Pat7_WM_MSCtrl_2_167
1191,Pat7_WM_MSCtrl_2_175
1192,Pat7_WM_MSCtrl_2_176
1193,Pat7_WM_MSCtrl_2_181
1194,Pat7_WM_MSCtrl_2_183
1195,Pat7_WM_MSCtrl_2_184
1196,Pat7_WM_1_2
1197,Pat7_WM_1_3
1198,Pat7_WM_1_4
1199,Pat7_WM_1_11
1200,Pat7_WM_1_12
1201,Pat7_WM_1_17
1202,Pat7_WM_1_20
1203,Pat7_WM_1_21
1204,Pat7_WM_1_22
1205,Pat7_WM_1_25
1206,Pat7_WM_1_27
1207,Pat7_WM_1_29
1208,Pat7_WM_1_34
1209,Pat7_WM_1_35
1210,Pat7_WM_1_36
1211,Pat7_WM_1_39
1212,Pat7_WM_1_42
1213,Pat7_WM_1_44
1214,Pat7_WM_1_45
1215,Pat7_WM_1_49
1216,Pat7_WM_1_50
1217,Pat7_WM_1_52
1218,Pat7_WM_1_54
1219,Pat7_WM_1_56
1220,Pat7_WM_1_57
1221,Pat7_WM_1_59
1222,Pat7_WM_1_60
1223,Pat7_WM_1_67
1224,Pat7_WM_1_68
1225,Pat7_WM_1_69
1226,Pat7_WM_1_72
1227,Pat7_WM_1_73
1228,Pat7_WM_1_74
1229,Pat7_WM_1_75
1230,Pat7_WM_1_78
1231,Pat7_WM_1_82
1232,Pat7_WM_1_83
1233,Pat7_WM_1_84
1234,Pat7_WM_1_85
1235,Pat7_WM_1_87
1236,Pat7_WM_1_88
1237,Pat7_WM_1_90
1238,Pat7_WM_1_91
1239,Pat7_WM_1_92
1240,Pat7_WM_1_93
1241,Pat7_WM_1_98
1242,Pat7_WM_1_99
1243,Pat7_WM_1_101
1244,Pat7_WM_1_102
1245,Pat7_WM_1_104
1246,Pat7_WM_1_107
1247,Pat7_WM_1_110
1248,Pat7_WM_1_113
1249,Pat7_WM_1_115
1250,Pat7_WM_1_116
1251,Pat7_WM_1_117
1252,Pat7_WM_1_118
1253,Pat7_WM_1_119
1254,Pat7_WM_1_122
1255,Pat7_WM_1_123
1256,Pat7_WM_1_124
1257,Pat7_WM_1_125
1258,Pat7_WM_1_129
1259,Pat7_WM_1_130
1260,Pat7_WM_1_131
1261,Pat7_WM_1_135
1262,Pat7_WM_1_136
1263,Pat7_WM_1_138
1264,Pat7_WM_1_140
1265,Pat7_WM_1_145
1266,Pat7_WM_1_148
1267,Pat7_WM_1_151
1268,Pat7_WM_1_152
1269,Pat7_WM_1_154
1270,Pat7_WM_1_155
1271,Pat7_WM_1_157
1272,Pat7_WM_1_158
1273,Pat7_WM_1_162
1274,Pat7_WM_1_163
1275,Pat7_WM_1_164
1276,Pat7_WM_1_166
1277,Pat7_WM_1_167
1278,Pat7_WM_1_168
1279,Pat7_WM_1_171
1280,Pat7_WM_1_172
1281,Pat7_WM_1_180
1282,Pat7_WM_1_182
1283,Pat7_WM_1_183
1284,Pat7_WM_1_186
1285,Pat7_WM_1_187
1286,Pat7_WM_1_188
1287,Pat7_WM_1_189
1288,Pat7_WM_1_190
1289,Pat7_WM_1_191
1290,Pat7_WM_2_2
1291,Pat7_WM_2_5
1292,Pat7_WM_2_6
1293,Pat7_WM_2_7
1294,Pat7_WM_2_11
1295,Pat7_WM_2_12
1296,Pat7_WM_2_16
1297,Pat7_WM_2_19
1298,Pat7_WM_2_22
1299,Pat7_WM_2_23
1300,Pat7_WM_2_24
1301,Pat7_WM_2_28
1302,Pat7_WM_2_30
1303,Pat7_WM_2_35
1304,Pat7_WM_2_36
1305,Pat7_WM_2_45
1306,Pat7_WM_2_47
1307,Pat7_WM_2_48
1308,Pat7_WM_2_51
1309,Pat7_WM_2_52
1310,Pat7_WM_2_53
1311,Pat7_WM_2_54
1312,Pat7_WM_2_55
1313,Pat7_WM_2_56
1314,Pat7_WM_2_60
1315,Pat7_WM_2_61
1316,Pat7_WM_2_67
1317,Pat7_WM_2_68
1318,Pat7_WM_2_69
1319,Pat7_WM_2_70
1320,Pat7_WM_2_71
1321,Pat7_WM_2_72
1322,Pat7_WM_2_77
1323,Pat7_WM_2_80
1324,Pat7_WM_2_86
1325,Pat7_WM_2_87
1326,Pat7_WM_2_88
1327,Pat7_WM_2_93
1328,Pat7_WM_2_94
1329,Pat7_WM_2_95
1330,Pat7_WM_2_96
1331,Pat7_WM_2_100
1332,Pat7_WM_2_101
1333,Pat7_WM_2_103
1334,Pat7_WM_2_105
1335,Pat7_WM_2_108
1336,Pat7_WM_2_110
1337,Pat7_WM_2_111
1338,Pat7_WM_2_112
1339,Pat7_WM_2_119
1340,Pat7_WM_2_120
1341,Pat7_WM_2_126
1342,Pat7_WM_2_128
1343,Pat7_WM_2_132
1344,Pat7_WM_2_134
1345,Pat7_WM_2_136
1346,Pat7_WM_2_142
1347,Pat7_WM_2_144
1348,Pat7_WM_2_151
1349,Pat7_WM_2_152
1350,Pat7_WM_2_158
1351,Pat7_WM_2_159
1352,Pat7_WM_2_160
1353,Pat7_WM_2_165
1354,Pat7_WM_2_166
1355,Pat7_WM_2_167
1356,Pat7_WM_2_168
1357,Pat7_WM_2_170
1358,Pat7_WM_2_173
1359,Pat7_WM_2_174
1360,Pat7_WM_2_181
1361,Pat7_WM_2_182
1362,Pat7_WM_2_183
1363,Pat7_WM_2_189
1364,Pat7_WM_2_191
1365,Pat14_1_10
1366,Pat14_1_18
1367,Pat14_1_19
1368,Pat14_1_35
1369,Pat14_1_50
1370,Pat14_1_52
1371,Pat14_1_57
1372,Pat14_1_58
1373,Pat14_1_73
1374,Pat14_1_74
1375,Pat14_1_75
1376,Pat14_1_81
1377,Pat14_1_84
1378,Pat14_1_89
1379,Pat14_1_99
1380,Pat14_1_118
1381,Pat14_1_132
1382,Pat14_1_139
1383,Pat14_1_156
1384,Pat14_1_188
1385,Pat14_2_1
1386,Pat14_2_3
1387,Pat14_2_4
1388,Pat14_2_5
1389,Pat14_2_6
1390,Pat14_2_18
1391,Pat14_2_19
1392,Pat14_2_20
1393,Pat14_2_21
1394,Pat14_2_22
1395,Pat14_2_23
1396,Pat14_2_24
1397,Pat14_2_25
1398,Pat14_2_26
1399,Pat14_2_28
1400,Pat14_2_33
1401,Pat14_2_35
1402,Pat14_2_37
1403,Pat14_2_38
1404,Pat14_2_39
1405,Pat14_2_40
1406,Pat14_2_41
1407,Pat14_2_45
1408,Pat14_2_50
1409,Pat14_2_52
1410,Pat14_2_53
1411,Pat14_2_55
1412,Pat14_2_56
1413,Pat14_2_57
1414,Pat14_2_60
1415,Pat14_2_61
1416,Pat14_2_68
1417,Pat14_2_69
1418,Pat14_2_71
1419,Pat14_2_72
1420,Pat14_2_73
1421,Pat14_2_74
1422,Pat14_2_78
1423,Pat14_2_81
1424,Pat14_2_83
1425,Pat14_2_85
1426,Pat14_2_89
1427,Pat14_2_90
1428,Pat14_2_91
1429,Pat14_2_93
1430,Pat14_2_97
1431,Pat14_2_99
1432,Pat14_2_100
1433,Pat14_2_101
1434,Pat14_2_106
1435,Pat14_2_109
1436,Pat14_2_110
1437,Pat14_2_113
1438,Pat14_2_114
1439,Pat14_2_115
1440,Pat14_2_116
1441,Pat14_2_119
1442,Pat14_2_123
1443,Pat14_2_124
1444,Pat14_2_125
1445,Pat14_2_127
1446,Pat14_2_129
1447,Pat14_2_131
1448,Pat14_2_132
1449,Pat14_2_134
1450,Pat14_2_135
1451,Pat14_2_140
1452,Pat14_2_141
1453,Pat14_2_143
1454,Pat14_2_144
1455,Pat14_2_147
1456,Pat14_2_148
1457,Pat14_2_151
1458,Pat14_2_152
1459,Pat14_2_153
1460,Pat14_2_155
1461,Pat14_2_156
1462,Pat14_2_159
1463,Pat14_2_160
1464,Pat14_2_162
1465,Pat14_2_165
1466,Pat14_2_167
1467,Pat14_2_168
1468,Pat14_2_174
1469,Pat14_2_175
1470,Pat14_2_176
1471,Pat14_2_177
1472,Pat14_2_181
1473,Pat14_2_183
1474,Pat14_2_185
1475,Pat14_2_191
1476,Pat14_3_10
1477,Pat14_3_17
1478,Pat14_3_18
1479,Pat14_3_19
1480,Pat14_3_25
1481,Pat14_3_26
1482,Pat14_3_34
1483,Pat14_3_37
1484,Pat14_3_51
1485,Pat14_3_52
1486,Pat14_3_53
1487,Pat14_3_57
1488,Pat14_3_58
1489,Pat14_3_59
1490,Pat14_3_65
1491,Pat14_3_67
1492,Pat14_3_69
1493,Pat14_3_73
1494,Pat14_3_74
1495,Pat14_3_75
1496,Pat14_3_81
1497,Pat14_3_83
1498,Pat14_3_84
1499,Pat14_3_89
1500,Pat14_3_90
1501,Pat14_3_91
1502,Pat14_3_92
1503,Pat14_3_97
1504,Pat14_3_100
1505,Pat14_3_101
1506,Pat14_3_102
1507,Pat14_3_103
1508,Pat14_3_104
1509,Pat14_3_105
1510,Pat14_3_106
1511,Pat14_3_114
1512,Pat14_3_117
1513,Pat14_3_118
1514,Pat14_3_119
1515,Pat14_3_123
1516,Pat14_3_129
1517,Pat14_3_130
1518,Pat14_3_134
1519,Pat14_3_136
1520,Pat14_3_137
1521,Pat14_3_138
1522,Pat14_3_149
1523,Pat14_3_151
1524,Pat14_3_152
1525,Pat14_3_153
1526,Pat14_3_155
1527,Pat14_3_162
1528,Pat14_3_164
1529,Pat14_3_165
1530,Pat14_3_168
1531,Pat14_3_172
1532,Pat14_3_173
1533,Pat14_3_177
1534,Pat14_3_178
1535,Pat14_3_180
1536,Pat14_3_181
1537,Pat14_3_184
1538,Pat14_3_185
1539,Pat14_3_186
1540,Pat14_3_189
1541,Pat14_4_1
1542,Pat14_4_3
1543,Pat14_4_5
1544,Pat14_4_6
1545,Pat14_4_7
1546,Pat14_4_9
1547,Pat14_4_12
1548,Pat14_4_14
1549,Pat14_4_19
1550,Pat14_4_20
1551,Pat14_4_22
1552,Pat14_4_28
1553,Pat14_4_29
1554,Pat14_4_30
1555,Pat14_4_36
1556,Pat14_4_37
1557,Pat14_4_38
1558,Pat14_4_39
1559,Pat14_4_40
1560,Pat14_4_42
1561,Pat14_4_45
1562,Pat14_4_49
1563,Pat14_4_50
1564,Pat14_4_51
1565,Pat14_4_52
1566,Pat14_4_54
1567,Pat14_4_55
1568,Pat14_4_56
1569,Pat14_4_60
1570,Pat14_4_61
1571,Pat14_4_62
1572,Pat14_4_67
1573,Pat14_4_69
1574,Pat14_4_70
1575,Pat14_4_71
1576,Pat14_4_72
1577,Pat14_4_78
1578,Pat14_4_80
1579,Pat14_4_84
1580,Pat14_4_85
1581,Pat14_4_86
1582,Pat14_4_88
1583,Pat14_4_89
1584,Pat14_4_93
1585,Pat14_4_94
1586,Pat14_4_95
1587,Pat14_4_96
1588,Pat14_4_97
1589,Pat14_4_99
1590,Pat14_4_100
1591,Pat14_4_104
1592,Pat14_4_106
1593,Pat14_4_107
1594,Pat14_4_109
1595,Pat14_4_111
1596,Pat14_4_112
1597,Pat14_4_113
1598,Pat14_4_114
1599,Pat14_4_117
1600,Pat14_4_118
1601,Pat14_4_119
1602,Pat14_4_121
1603,Pat14_4_123
1604,Pat14_4_126
1605,Pat14_4_129
1606,Pat14_4_130
1607,Pat14_4_131
1608,Pat14_4_132
1609,Pat14_4_135
1610,Pat14_4_136
1611,Pat14_4_138
1612,Pat14_4_139
1613,Pat14_4_140
1614,Pat14_4_144
1615,Pat14_4_145
1616,Pat14_4_147
1617,Pat14_4_148
1618,Pat14_4_151
1619,Pat14_4_152
1620,Pat14_4_154
1621,Pat14_4_155
1622,Pat14_4_156
1623,Pat14_4_158
1624,Pat14_4_159
1625,Pat14_4_160
1626,Pat14_4_169
1627,Pat14_4_171
1628,Pat14_4_175
1629,Pat14_4_176
1630,Pat14_4_177
1631,Pat14_4_178
1632,Pat14_4_179
1633,Pat14_4_180
1634,Pat14_4_181
1635,Pat14_4_182
1636,Pat14_4_185
1637,Pat14_4_186
1638,Pat14_4_187
1639,Pat14_4_191
1640,Pat4_GM_1_9
1641,Pat4_GM_1_12
1642,Pat4_GM_1_17
1643,Pat4_GM_1_19
1644,Pat4_GM_1_43
1645,Pat4_GM_1_49
1646,Pat4_GM_1_54
1647,Pat4_GM_1_60
1648,Pat4_GM_1_70
1649,Pat4_GM_1_71
1650,Pat4_GM_1_74
1651,Pat4_GM_1_86
1652,Pat4_GM_1_89
1653,Pat4_GM_1_114
1654,Pat4_GM_1_117
1655,Pat4_GM_1_122
1656,Pat4_GM_1_155
1657,Pat4_GM_1_157
1658,Pat4_GM_1_167
1659,Pat4_GM_1_178
1660,Pat4_GM_1_184
1661,Pat4_GM_2_20
1662,Pat4_GM_2_34
1663,Pat4_GM_2_71
1664,Pat4_GM_2_75
1665,Pat4_GM_2_78
1666,Pat4_GM_2_118
1667,Pat4_GM_2_142
1668,Pat4_GM_2_170
1669,Pat4_WM_1_1
1670,Pat4_WM_1_3
1671,Pat4_WM_1_10
1672,Pat4_WM_1_18
1673,Pat4_WM_1_19
1674,Pat4_WM_1_20
1675,Pat4_WM_1_21
1676,Pat4_WM_1_27
1677,Pat4_WM_1_34
1678,Pat4_WM_1_35
1679,Pat4_WM_1_36
1680,Pat4_WM_1_43
1681,Pat4_WM_1_50
1682,Pat4_WM_1_52
1683,Pat4_WM_1_54
1684,Pat4_WM_1_57
1685,Pat4_WM_1_58
1686,Pat4_WM_1_59
1687,Pat4_WM_1_60
1688,Pat4_WM_1_65
1689,Pat4_WM_1_66
1690,Pat4_WM_1_68
1691,Pat4_WM_1_69
1692,Pat4_WM_1_70
1693,Pat4_WM_1_73
1694,Pat4_WM_1_74
1695,Pat4_WM_1_82
1696,Pat4_WM_1_83
1697,Pat4_WM_1_84
1698,Pat4_WM_1_88
1699,Pat4_WM_1_89
1700,Pat4_WM_1_90
1701,Pat4_WM_1_97
1702,Pat4_WM_1_98
1703,Pat4_WM_1_100
1704,Pat4_WM_1_103
1705,Pat4_WM_1_105
1706,Pat4_WM_1_106
1707,Pat4_WM_1_107
1708,Pat4_WM_1_114
1709,Pat4_WM_1_115
1710,Pat4_WM_1_116
1711,Pat4_WM_1_117
1712,Pat4_WM_1_118
1713,Pat4_WM_1_119
1714,Pat4_WM_1_122
1715,Pat4_WM_1_125
1716,Pat4_WM_1_129
1717,Pat4_WM_1_134
1718,Pat4_WM_1_137
1719,Pat4_WM_1_138
1720,Pat4_WM_1_139
1721,Pat4_WM_1_140
1722,Pat4_WM_1_151
1723,Pat4_WM_1_153
1724,Pat4_WM_1_154
1725,Pat4_WM_1_156
1726,Pat4_WM_1_161
1727,Pat4_WM_1_162
1728,Pat4_WM_1_165
1729,Pat4_WM_1_169
1730,Pat4_WM_1_170
1731,Pat4_WM_1_172
1732,Pat4_WM_1_173
1733,Pat4_WM_1_175
1734,Pat4_WM_1_179
1735,Pat4_WM_1_180
1736,Pat4_WM_1_182
1737,Pat4_WM_1_183
1738,Pat4_WM_1_187
1739,Pat4_WM_1_188
1740,Pat4_WM_1_190
1741,Pat4_WM_2_2
1742,Pat4_WM_2_3
1743,Pat4_WM_2_4
1744,Pat4_WM_2_6
1745,Pat4_WM_2_7
1746,Pat4_WM_2_8
1747,Pat4_WM_2_11
1748,Pat4_WM_2_12
1749,Pat4_WM_2_14
1750,Pat4_WM_2_18
1751,Pat4_WM_2_19
1752,Pat4_WM_2_24
1753,Pat4_WM_2_25
1754,Pat4_WM_2_34
1755,Pat4_WM_2_37
1756,Pat4_WM_2_39
1757,Pat4_WM_2_40
1758,Pat4_WM_2_41
1759,Pat4_WM_2_44
1760,Pat4_WM_2_53
1761,Pat4_WM_2_54
1762,Pat4_WM_2_59
1763,Pat4_WM_2_67
1764,Pat4_WM_2_76
1765,Pat4_WM_2_80
1766,Pat4_WM_2_89
1767,Pat4_WM_2_90
1768,Pat4_WM_2_92
1769,Pat4_WM_2_97
1770,Pat4_WM_2_99
1771,Pat4_WM_2_103
1772,Pat4_WM_2_107
1773,Pat4_WM_2_108
1774,Pat4_WM_2_110
1775,Pat4_WM_2_112
1776,Pat4_WM_2_113
1777,Pat4_WM_2_114
1778,Pat4_WM_2_116
1779,Pat4_WM_2_119
1780,Pat4_WM_2_122
1781,Pat4_WM_2_124
1782,Pat4_WM_2_125
1783,Pat4_WM_2_126
1784,Pat4_WM_2_130
1785,Pat4_WM_2_132
1786,Pat4_WM_2_137
1787,Pat4_WM_2_139
1788,Pat4_WM_2_141
1789,Pat4_WM_2_142
1790,Pat4_WM_2_143
1791,Pat4_WM_2_145
1792,Pat4_WM_2_151
1793,Pat4_WM_2_152
1794,Pat4_WM_2_153
1795,Pat4_WM_2_154
1796,Pat4_WM_2_155
1797,Pat4_WM_2_159
1798,Pat4_WM_2_161
1799,Pat4_WM_2_163
1800,Pat4_WM_2_165
1801,Pat4_WM_2_167
1802,Pat4_WM_2_168
1803,Pat4_WM_2_170
1804,Pat4_WM_2_175
1805,Pat4_WM_2_179
1806,Pat4_WM_2_180
1807,Pat4_WM_2_182
1808,Pat4_WM_2_183
1809,Pat4_WM_2_184
1810,Pat4_WM_2_185
1811,Pat4_WM_2_186
1812,Pat4_WM_2_188
1813,Pat4_WM_2_191
1814,Pat6_Plate1_1_1
1815,Pat6_Plate1_1_2
1816,Pat6_Plate1_1_9
1817,Pat6_Plate1_1_10
1818,Pat6_Plate1_1_18
1819,Pat6_Plate1_1_26
1820,Pat6_Plate1_1_33
1821,Pat6_Plate1_1_35
1822,Pat6_Plate1_1_36
1823,Pat6_Plate1_1_42
1824,Pat6_Plate1_1_49
1825,Pat6_Plate1_1_51
1826,Pat6_Plate1_1_52
1827,Pat6_Plate1_1_54
1828,Pat6_Plate1_1_58
1829,Pat6_Plate1_1_59
1830,Pat6_Plate1_1_65
1831,Pat6_Plate1_1_66
1832,Pat6_Plate1_1_79
1833,Pat6_Plate1_1_80
1834,Pat6_Plate1_1_84
1835,Pat6_Plate1_1_87
1836,Pat6_Plate1_1_90
1837,Pat6_Plate1_1_92
1838,Pat6_Plate1_1_98
1839,Pat6_Plate1_1_99
1840,Pat6_Plate1_1_100
1841,Pat6_Plate1_1_102
1842,Pat6_Plate1_1_103
1843,Pat6_Plate1_1_105
1844,Pat6_Plate1_1_106
1845,Pat6_Plate1_1_114
1846,Pat6_Plate1_1_115
1847,Pat6_Plate1_1_116
1848,Pat6_Plate1_1_120
1849,Pat6_Plate1_1_122
1850,Pat6_Plate1_1_130
1851,Pat6_Plate1_1_131
1852,Pat6_Plate1_1_133
1853,Pat6_Plate1_1_135
1854,Pat6_Plate1_1_139
1855,Pat6_Plate1_1_148
1856,Pat6_Plate1_1_151
1857,Pat6_Plate1_1_152
1858,Pat6_Plate1_1_153
1859,Pat6_Plate1_1_165
1860,Pat6_Plate1_1_168
1861,Pat6_Plate1_1_170
1862,Pat6_Plate1_1_171
1863,Pat6_Plate1_1_177
1864,Pat6_Plate1_1_180
1865,Pat6_Plate1_1_183
1866,Pat6_Plate1_1_184
1867,Pat6_Plate1_1_185
1868,Pat6_Plate1_1_188
1869,Pat6_Plate1_2_1
1870,Pat6_Plate1_2_5
1871,Pat6_Plate1_2_6
1872,Pat6_Plate1_2_7
1873,Pat6_Plate1_2_10
1874,Pat6_Plate1_2_12
1875,Pat6_Plate1_2_17
1876,Pat6_Plate1_2_24
1877,Pat6_Plate1_2_26
1878,Pat6_Plate1_2_27
1879,Pat6_Plate1_2_28
1880,Pat6_Plate1_2_33
1881,Pat6_Plate1_2_35
1882,Pat6_Plate1_2_36
1883,Pat6_Plate1_2_44
1884,Pat6_Plate1_2_45
1885,Pat6_Plate1_2_52
1886,Pat6_Plate1_2_53
1887,Pat6_Plate1_2_54
1888,Pat6_Plate1_2_55
1889,Pat6_Plate1_2_58
1890,Pat6_Plate1_2_59
1891,Pat6_Plate1_2_60
1892,Pat6_Plate1_2_65
1893,Pat6_Plate1_2_66
1894,Pat6_Plate1_2_67
1895,Pat6_Plate1_2_69
1896,Pat6_Plate1_2_70
1897,Pat6_Plate1_2_72
1898,Pat6_Plate1_2_75
1899,Pat6_Plate1_2_77
1900,Pat6_Plate1_2_78
1901,Pat6_Plate1_2_81
1902,Pat6_Plate1_2_83
1903,Pat6_Plate1_2_85
1904,Pat6_Plate1_2_87
1905,Pat6_Plate1_2_88
1906,Pat6_Plate1_2_90
1907,Pat6_Plate1_2_94
1908,Pat6_Plate1_2_98
1909,Pat6_Plate1_2_101
1910,Pat6_Plate1_2_104
1911,Pat6_Plate1_2_105
1912,Pat6_Plate1_2_110
1913,Pat6_Plate1_2_112
1914,Pat6_Plate1_2_113
1915,Pat6_Plate1_2_114
1916,Pat6_Plate1_2_115
1917,Pat6_Plate1_2_116
1918,Pat6_Plate1_2_117
1919,Pat6_Plate1_2_118
1920,Pat6_Plate1_2_119
1921,Pat6_Plate1_2_120
1922,Pat6_Plate1_2_121
1923,Pat6_Plate1_2_124
1924,Pat6_Plate1_2_125
1925,Pat6_Plate1_2_126
1926,Pat6_Plate1_2_127
1927,Pat6_Plate1_2_135
1928,Pat6_Plate1_2_138
1929,Pat6_Plate1_2_143
1930,Pat6_Plate1_2_144
1931,Pat6_Plate1_2_146
1932,Pat6_Plate1_2_147
1933,Pat6_Plate1_2_149
1934,Pat6_Plate1_2_152
1935,Pat6_Plate1_2_157
1936,Pat6_Plate1_2_162
1937,Pat6_Plate1_2_163
1938,Pat6_Plate1_2_165
1939,Pat6_Plate1_2_167
1940,Pat6_Plate1_2_173
1941,Pat6_Plate1_2_174
1942,Pat6_Plate1_2_175
1943,Pat6_Plate1_2_176
1944,Pat6_Plate1_2_181
1945,Pat6_Plate1_2_183
1946,Pat6_Plate1_2_184
1947,Pat6_Plate1_2_187
1948,Pat6_Plate1_2_189
1949,Pat6_Plate1_2_190
1950,Pat6_Plate1_2_191
1951,Pat6_Plate2_1_1
1952,Pat6_Plate2_1_7
1953,Pat6_Plate2_1_10
1954,Pat6_Plate2_1_12
1955,Pat6_Plate2_1_19
1956,Pat6_Plate2_1_22
1957,Pat6_Plate2_1_24
1958,Pat6_Plate2_1_28
1959,Pat6_Plate2_1_36
1960,Pat6_Plate2_1_39
1961,Pat6_Plate2_1_40
1962,Pat6_Plate2_1_43
1963,Pat6_Plate2_1_46
1964,Pat6_Plate2_1_52
1965,Pat6_Plate2_1_53
1966,Pat6_Plate2_1_54
1967,Pat6_Plate2_1_58
1968,Pat6_Plate2_1_61
1969,Pat6_Plate2_1_62
1970,Pat6_Plate2_1_65
1971,Pat6_Plate2_1_70
1972,Pat6_Plate2_1_76
1973,Pat6_Plate2_1_79
1974,Pat6_Plate2_1_81
1975,Pat6_Plate2_1_82
1976,Pat6_Plate2_1_83
1977,Pat6_Plate2_1_84
1978,Pat6_Plate2_1_86
1979,Pat6_Plate2_1_88
1980,Pat6_Plate2_1_89
1981,Pat6_Plate2_1_93
1982,Pat6_Plate2_1_94
1983,Pat6_Plate2_1_100
1984,Pat6_Plate2_1_101
1985,Pat6_Plate2_1_104
1986,Pat6_Plate2_1_105
1987,Pat6_Plate2_1_106
1988,Pat6_Plate2_1_108
1989,Pat6_Plate2_1_109
1990,Pat6_Plate2_1_110
1991,Pat6_Plate2_1_111
1992,Pat6_Plate2_1_113
1993,Pat6_Plate2_1_114
1994,Pat6_Plate2_1_116
1995,Pat6_Plate2_1_117
1996,Pat6_Plate2_1_119
1997,Pat6_Plate2_1_120
1998,Pat6_Plate2_1_126
1999,Pat6_Plate2_1_127
2000,Pat6_Plate2_1_131
2001,Pat6_Plate2_1_134
2002,Pat6_Plate2_1_136
2003,Pat6_Plate2_1_137
2004,Pat6_Plate2_1_138
2005,Pat6_Plate2_1_142
2006,Pat6_Plate2_1_148
2007,Pat6_Plate2_1_150
2008,Pat6_Plate2_1_151
2009,Pat6_Plate2_1_152
2010,Pat6_Plate2_1_157
2011,Pat6_Plate2_1_159
2012,Pat6_Plate2_1_160
2013,Pat6_Plate2_1_162
2014,Pat6_Plate2_1_163
2015,Pat6_Plate2_1_166
2016,Pat6_Plate2_1_167
2017,Pat6_Plate2_1_169
2018,Pat6_Plate2_1_171
2019,Pat6_Plate2_1_172
2020,Pat6_Plate2_1_176
2021,Pat6_Plate2_1_180
2022,Pat6_Plate2_1_181
2023,Pat6_Plate2_1_183
2024,Pat6_Plate2_1_184
2025,Pat6_Plate2_1_186
2026,Pat6_Plate2_1_188
2027,Pat6_Plate2_1_190
2028,Pat6_Plate2_1_192
2029,Pat2_GM_1_1
2030,Pat2_GM_1_17
2031,Pat2_GM_1_33
2032,Pat2_GM_1_35
2033,Pat2_GM_1_50
2034,Pat2_GM_1_51
2035,Pat2_GM_1_57
2036,Pat2_GM_1_58
2037,Pat2_GM_1_65
2038,Pat2_GM_1_73
2039,Pat2_GM_1_81
2040,Pat2_GM_1_84
2041,Pat2_GM_1_89
2042,Pat2_GM_1_97
2043,Pat2_GM_1_98
2044,Pat2_GM_1_99
2045,Pat2_GM_1_100
2046,Pat2_GM_1_105
2047,Pat2_GM_1_106
2048,Pat2_GM_1_113
2049,Pat2_GM_1_115
2050,Pat2_GM_1_116
2051,Pat2_GM_1_117
2052,Pat2_GM_1_122
2053,Pat2_GM_1_127
2054,Pat2_GM_1_129
2055,Pat2_GM_1_130
2056,Pat2_GM_1_131
2057,Pat2_GM_1_137
2058,Pat2_GM_1_139
2059,Pat2_GM_1_143
2060,Pat2_GM_1_146
2061,Pat2_GM_1_149
2062,Pat2_GM_1_153
2063,Pat2_GM_1_155
2064,Pat2_GM_1_158
2065,Pat2_GM_1_159
2066,Pat2_GM_1_161
2067,Pat2_GM_1_164
2068,Pat2_GM_1_165
2069,Pat2_GM_1_166
2070,Pat2_GM_1_169
2071,Pat2_GM_1_170
2072,Pat2_GM_1_178
2073,Pat2_GM_1_180
2074,Pat2_GM_1_181
2075,Pat2_GM_1_182
2076,Pat2_GM_1_183
2077,Pat2_GM_1_184
2078,Pat2_GM_1_185
2079,Pat2_GM_1_187
2080,Pat2_GM_1_188
2081,Pat2_GM_2_1
2082,Pat2_GM_2_2
2083,Pat2_GM_2_3
2084,Pat2_GM_2_4
2085,Pat2_GM_2_5
2086,Pat2_GM_2_9
2087,Pat2_GM_2_11
2088,Pat2_GM_2_19
2089,Pat2_GM_2_22
2090,Pat2_GM_2_25
2091,Pat2_GM_2_26
2092,Pat2_GM_2_33
2093,Pat2_GM_2_35
2094,Pat2_GM_2_36
2095,Pat2_GM_2_37
2096,Pat2_GM_2_38
2097,Pat2_GM_2_39
2098,Pat2_GM_2_40
2099,Pat2_GM_2_41
2100,Pat2_GM_2_43
2101,Pat2_GM_2_44
2102,Pat2_GM_2_45
2103,Pat2_GM_2_49
2104,Pat2_GM_2_50
2105,Pat2_GM_2_51
2106,Pat2_GM_2_57
2107,Pat2_GM_2_58
2108,Pat2_GM_2_59
2109,Pat2_GM_2_60
2110,Pat2_GM_2_62
2111,Pat2_GM_2_67
2112,Pat2_GM_2_69
2113,Pat2_GM_2_70
2114,Pat2_GM_2_71
2115,Pat2_GM_2_73
2116,Pat2_GM_2_74
2117,Pat2_GM_2_75
2118,Pat2_GM_2_77
2119,Pat2_GM_2_78
2120,Pat2_GM_2_79
2121,Pat2_GM_2_81
2122,Pat2_GM_2_83
2123,Pat2_GM_2_84
2124,Pat2_GM_2_85
2125,Pat2_GM_2_86
2126,Pat2_GM_2_87
2127,Pat2_GM_2_88
2128,Pat2_GM_2_89
2129,Pat2_GM_2_90
2130,Pat2_GM_2_91
2131,Pat2_GM_2_98
2132,Pat2_GM_2_100
2133,Pat2_GM_2_101
2134,Pat2_GM_2_103
2135,Pat2_GM_2_104
2136,Pat2_GM_2_106
2137,Pat2_GM_2_109
2138,Pat2_GM_2_110
2139,Pat2_GM_2_111
2140,Pat2_GM_2_112
2141,Pat2_GM_2_114
2142,Pat2_GM_2_116
2143,Pat2_GM_2_117
2144,Pat2_GM_2_118
2145,Pat2_GM_2_119
2146,Pat2_GM_2_120
2147,Pat2_GM_2_121
2148,Pat2_GM_2_122
2149,Pat2_GM_2_123
2150,Pat2_GM_2_124
2151,Pat2_GM_2_126
2152,Pat2_GM_2_127
2153,Pat2_GM_2_128
2154,Pat2_GM_2_129
2155,Pat2_GM_2_130
2156,Pat2_GM_2_131
2157,Pat2_GM_2_133
2158,Pat2_GM_2_134
2159,Pat2_GM_2_135
2160,Pat2_GM_2_136
2161,Pat2_GM_2_141
2162,Pat2_GM_2_143
2163,Pat2_GM_2_144
2164,Pat2_GM_2_145
2165,Pat2_GM_2_147
2166,Pat2_GM_2_148
2167,Pat2_GM_2_149
2168,Pat2_GM_2_150
2169,Pat2_GM_2_151
2170,Pat2_GM_2_153
2171,Pat2_GM_2_155
2172,Pat2_GM_2_157
2173,Pat2_GM_2_158
2174,Pat2_GM_2_159
2175,Pat2_GM_2_160
2176,Pat2_GM_2_161
2177,Pat2_GM_2_162
2178,Pat2_GM_2_164
2179,Pat2_GM_2_165
2180,Pat2_GM_2_170
2181,Pat2_GM_2_171
2182,Pat2_GM_2_172
2183,Pat2_GM_2_173
2184,Pat2_GM_2_174
2185,Pat2_GM_2_175
2186,Pat2_GM_2_177
2187,Pat2_GM_2_179
2188,Pat2_GM_2_180
2189,Pat2_GM_2_181
2190,Pat2_GM_2_182
2191,Pat2_GM_2_184
2192,Pat2_GM_2_188
2193,Pat2_GM_2_189
2194,Pat2_GM_2_190
2195,Pat2_GM_2_191
2196,Pat2_GM_2_192
2197,Pat2_WM_1_1
2198,Pat2_WM_1_17
2199,Pat2_WM_1_18
2200,Pat2_WM_1_33
2201,Pat2_WM_1_41
2202,Pat2_WM_1_49
2203,Pat2_WM_1_50
2204,Pat2_WM_1_51
2205,Pat2_WM_1_53
2206,Pat2_WM_1_57
2207,Pat2_WM_1_65
2208,Pat2_WM_1_66
2209,Pat2_WM_1_67
2210,Pat2_WM_1_68
2211,Pat2_WM_1_69
2212,Pat2_WM_1_73
2213,Pat2_WM_1_74
2214,Pat2_WM_1_82
2215,Pat2_WM_1_84
2216,Pat2_WM_1_85
2217,Pat2_WM_1_86
2218,Pat2_WM_1_89
2219,Pat2_WM_1_90
2220,Pat2_WM_1_91
2221,Pat2_WM_1_97
2222,Pat2_WM_1_98
2223,Pat2_WM_1_99
2224,Pat2_WM_1_100
2225,Pat2_WM_1_101
2226,Pat2_WM_1_113
2227,Pat2_WM_1_114
2228,Pat2_WM_1_115
2229,Pat2_WM_1_117
2230,Pat2_WM_1_121
2231,Pat2_WM_1_123
2232,Pat2_WM_1_124
2233,Pat2_WM_1_130
2234,Pat2_WM_1_132
2235,Pat2_WM_1_133
2236,Pat2_WM_1_134
2237,Pat2_WM_1_136
2238,Pat2_WM_1_137
2239,Pat2_WM_1_138
2240,Pat2_WM_1_139
2241,Pat2_WM_1_140
2242,Pat2_WM_1_146
2243,Pat2_WM_1_148
2244,Pat2_WM_1_149
2245,Pat2_WM_1_152
2246,Pat2_WM_1_153
2247,Pat2_WM_1_154
2248,Pat2_WM_1_155
2249,Pat2_WM_1_161
2250,Pat2_WM_1_162
2251,Pat2_WM_1_164
2252,Pat2_WM_1_166
2253,Pat2_WM_1_169
2254,Pat2_WM_1_172
2255,Pat2_WM_1_173
2256,Pat2_WM_1_178
2257,Pat2_WM_1_179
2258,Pat2_WM_1_180
2259,Pat2_WM_1_182
2260,Pat2_WM_1_184
2261,Pat2_WM_1_185
2262,Pat2_WM_1_186
2263,Pat2_WM_1_187
2264,Pat2_WM_1_188
2265,Pat2_WM_2_1
2266,Pat2_WM_2_2
2267,Pat2_WM_2_3
2268,Pat2_WM_2_5
2269,Pat2_WM_2_6
2270,Pat2_WM_2_9
2271,Pat2_WM_2_10
2272,Pat2_WM_2_11
2273,Pat2_WM_2_18
2274,Pat2_WM_2_19
2275,Pat2_WM_2_20
2276,Pat2_WM_2_21
2277,Pat2_WM_2_22
2278,Pat2_WM_2_23
2279,Pat2_WM_2_24
2280,Pat2_WM_2_27
2281,Pat2_WM_2_30
2282,Pat2_WM_2_31
2283,Pat2_WM_2_35
2284,Pat2_WM_2_36
2285,Pat2_WM_2_37
2286,Pat2_WM_2_39
2287,Pat2_WM_2_40
2288,Pat2_WM_2_41
2289,Pat2_WM_2_42
2290,Pat2_WM_2_44
2291,Pat2_WM_2_48
2292,Pat2_WM_2_49
2293,Pat2_WM_2_50
2294,Pat2_WM_2_51
2295,Pat2_WM_2_52
2296,Pat2_WM_2_53
2297,Pat2_WM_2_54
2298,Pat2_WM_2_55
2299,Pat2_WM_2_56
2300,Pat2_WM_2_58
2301,Pat2_WM_2_59
2302,Pat2_WM_2_63
2303,Pat2_WM_2_64
2304,Pat2_WM_2_65
2305,Pat2_WM_2_66
2306,Pat2_WM_2_67
2307,Pat2_WM_2_68
2308,Pat2_WM_2_70
2309,Pat2_WM_2_71
2310,Pat2_WM_2_73
2311,Pat2_WM_2_74
2312,Pat2_WM_2_75
2313,Pat2_WM_2_77
2314,Pat2_WM_2_78
2315,Pat2_WM_2_81
2316,Pat2_WM_2_82
2317,Pat2_WM_2_83
2318,Pat2_WM_2_84
2319,Pat2_WM_2_85
2320,Pat2_WM_2_87
2321,Pat2_WM_2_88
2322,Pat2_WM_2_89
2323,Pat2_WM_2_90
2324,Pat2_WM_2_91
2325,Pat2_WM_2_92
2326,Pat2_WM_2_93
2327,Pat2_WM_2_95
2328,Pat2_WM_2_96
2329,Pat2_WM_2_97
2330,Pat2_WM_2_98
2331,Pat2_WM_2_99
2332,Pat2_WM_2_100
2333,Pat2_WM_2_101
2334,Pat2_WM_2_102
2335,Pat2_WM_2_104
2336,Pat2_WM_2_108
2337,Pat2_WM_2_109
2338,Pat2_WM_2_110
2339,Pat2_WM_2_111
2340,Pat2_WM_2_112
2341,Pat2_WM_2_114
2342,Pat2_WM_2_116
2343,Pat2_WM_2_117
2344,Pat2_WM_2_118
2345,Pat2_WM_2_119
2346,Pat2_WM_2_121
2347,Pat2_WM_2_122
2348,Pat2_WM_2_124
2349,Pat2_WM_2_134
2350,Pat2_WM_2_135
2351,Pat2_WM_2_136
2352,Pat2_WM_2_138
2353,Pat2_WM_2_139
2354,Pat2_WM_2_140
2355,Pat2_WM_2_142
2356,Pat2_WM_2_143
2357,Pat2_WM_2_149
2358,Pat2_WM_2_150
2359,Pat2_WM_2_151
2360,Pat2_WM_2_152
2361,Pat2_WM_2_153
2362,Pat2_WM_2_154
2363,Pat2_WM_2_155
2364,Pat2_WM_2_157
2365,Pat2_WM_2_158
2366,Pat2_WM_2_159
2367,Pat2_WM_2_162
2368,Pat2_WM_2_163
2369,Pat2_WM_2_164
2370,Pat2_WM_2_165
2371,Pat2_WM_2_168
2372,Pat2_WM_2_171
2373,Pat2_WM_2_172
2374,Pat2_WM_2_173
2375,Pat2_WM_2_175
2376,Pat2_WM_2_176
2377,Pat2_WM_2_178
2378,Pat2_WM_2_180
2379,Pat2_WM_2_182
2380,Pat2_WM_2_183
2381,Pat2_WM_2_184
2382,Pat2_WM_2_185
2383,Pat2_WM_2_186
2384,Pat2_WM_2_187
2385,Pat2_WM_2_188
2386,Pat2_WM_2_190
2387,Pat2_WM_2_192
2388,Pat3_GM_1_18
2389,Pat3_GM_1_51
2390,Pat3_GM_1_53
2391,Pat3_GM_1_69
2392,Pat3_GM_1_83
2393,Pat3_GM_1_85
2394,Pat3_GM_1_98
2395,Pat3_GM_1_99
2396,Pat3_GM_1_100
2397,Pat3_GM_1_102
2398,Pat3_GM_1_113
2399,Pat3_GM_1_114
2400,Pat3_GM_1_115
2401,Pat3_GM_1_117
2402,Pat3_GM_1_118
2403,Pat3_GM_1_119
2404,Pat3_GM_1_121
2405,Pat3_GM_1_130
2406,Pat3_GM_1_132
2407,Pat3_GM_1_134
2408,Pat3_GM_1_148
2409,Pat3_GM_1_151
2410,Pat3_GM_1_161
2411,Pat3_GM_1_163
2412,Pat3_GM_1_165
2413,Pat3_GM_1_167
2414,Pat3_GM_1_168
2415,Pat3_GM_1_171
2416,Pat3_GM_1_172
2417,Pat3_GM_1_179
2418,Pat3_GM_1_180
2419,Pat3_GM_1_182
2420,Pat3_GM_1_183
2421,Pat3_GM_1_184
2422,Pat3_GM_2_3
2423,Pat3_GM_2_7
2424,Pat3_GM_2_8
2425,Pat3_GM_2_11
2426,Pat3_GM_2_12
2427,Pat3_GM_2_17
2428,Pat3_GM_2_19
2429,Pat3_GM_2_20
2430,Pat3_GM_2_21
2431,Pat3_GM_2_27
2432,Pat3_GM_2_28
2433,Pat3_GM_2_29
2434,Pat3_GM_2_30
2435,Pat3_GM_2_36
2436,Pat3_GM_2_40
2437,Pat3_GM_2_45
2438,Pat3_GM_2_50
2439,Pat3_GM_2_52
2440,Pat3_GM_2_56
2441,Pat3_GM_2_58
2442,Pat3_GM_2_65
2443,Pat3_GM_2_67
2444,Pat3_GM_2_70
2445,Pat3_GM_2_71
2446,Pat3_GM_2_72
2447,Pat3_GM_2_75
2448,Pat3_GM_2_76
2449,Pat3_GM_2_79
2450,Pat3_GM_2_86
2451,Pat3_GM_2_104
2452,Pat3_GM_2_110
2453,Pat3_GM_2_115
2454,Pat3_GM_2_116
2455,Pat3_GM_2_118
2456,Pat3_GM_2_119
2457,Pat3_GM_2_124
2458,Pat3_GM_2_126
2459,Pat3_GM_2_127
2460,Pat3_GM_2_128
2461,Pat3_GM_2_134
2462,Pat3_GM_2_136
2463,Pat3_GM_2_140
2464,Pat3_GM_2_143
2465,Pat3_GM_2_151
2466,Pat3_GM_2_159
2467,Pat3_GM_2_160
2468,Pat3_GM_2_163
2469,Pat3_GM_2_167
2470,Pat3_GM_2_168
2471,Pat3_GM_2_172
2472,Pat3_GM_2_182
2473,Pat3_GM_2_184
2474,Pat3_GM_2_186
2475,Pat3_GM_2_191
2476,Pat3_WM_1_1
2477,Pat3_WM_1_17
2478,Pat3_WM_1_33
2479,Pat3_WM_1_49
2480,Pat3_WM_1_50
2481,Pat3_WM_1_82
2482,Pat3_WM_1_97
2483,Pat3_WM_1_99
2484,Pat3_WM_1_100
2485,Pat3_WM_1_103
2486,Pat3_WM_1_115
2487,Pat3_WM_1_116
2488,Pat3_WM_1_118
2489,Pat3_WM_1_119
2490,Pat3_WM_1_120
2491,Pat3_WM_1_121
2492,Pat3_WM_1_122
2493,Pat3_WM_1_129
2494,Pat3_WM_1_130
2495,Pat3_WM_1_131
2496,Pat3_WM_1_145
2497,Pat3_WM_1_148
2498,Pat3_WM_1_150
2499,Pat3_WM_1_153
2500,Pat3_WM_1_162
2501,Pat3_WM_1_164
2502,Pat3_WM_1_165
2503,Pat3_WM_1_166
2504,Pat3_WM_1_167
2505,Pat3_WM_1_168
2506,Pat3_WM_1_172
2507,Pat3_WM_1_177
2508,Pat3_WM_1_180
2509,Pat3_WM_1_182
2510,Pat3_WM_1_184
2511,Pat3_WM_1_186
2512,Pat3_WM_1_187
2513,Pat3_WM_1_188
2514,Pat3_WM_2_1
2515,Pat3_WM_2_2
2516,Pat3_WM_2_4
2517,Pat3_WM_2_5
2518,Pat3_WM_2_6
2519,Pat3_WM_2_8
2520,Pat3_WM_2_10
2521,Pat3_WM_2_11
2522,Pat3_WM_2_18
2523,Pat3_WM_2_19
2524,Pat3_WM_2_22
2525,Pat3_WM_2_25
2526,Pat3_WM_2_27
2527,Pat3_WM_2_29
2528,Pat3_WM_2_32
2529,Pat3_WM_2_34
2530,Pat3_WM_2_36
2531,Pat3_WM_2_39
2532,Pat3_WM_2_40
2533,Pat3_WM_2_44
2534,Pat3_WM_2_45
2535,Pat3_WM_2_46
2536,Pat3_WM_2_49
2537,Pat3_WM_2_51
2538,Pat3_WM_2_52
2539,Pat3_WM_2_53
2540,Pat3_WM_2_55
2541,Pat3_WM_2_56
2542,Pat3_WM_2_57
2543,Pat3_WM_2_61
2544,Pat3_WM_2_65
2545,Pat3_WM_2_66
2546,Pat3_WM_2_69
2547,Pat3_WM_2_70
2548,Pat3_WM_2_74
2549,Pat3_WM_2_75
2550,Pat3_WM_2_77
2551,Pat3_WM_2_78
2552,Pat3_WM_2_79
2553,Pat3_WM_2_82
2554,Pat3_WM_2_87
2555,Pat3_WM_2_92
2556,Pat3_WM_2_93
2557,Pat3_WM_2_95
2558,Pat3_WM_2_98
2559,Pat3_WM_2_99
2560,Pat3_WM_2_101
2561,Pat3_WM_2_103
2562,Pat3_WM_2_104
2563,Pat3_WM_2_105
2564,Pat3_WM_2_107
2565,Pat3_WM_2_109
2566,Pat3_WM_2_110
2567,Pat3_WM_2_112
2568,Pat3_WM_2_113
2569,Pat3_WM_2_114
2570,Pat3_WM_2_115
2571,Pat3_WM_2_116
2572,Pat3_WM_2_117
2573,Pat3_WM_2_118
2574,Pat3_WM_2_124
2575,Pat3_WM_2_125
2576,Pat3_WM_2_126
2577,Pat3_WM_2_127
2578,Pat3_WM_2_128
2579,Pat3_WM_2_129
2580,Pat3_WM_2_134
2581,Pat3_WM_2_135
2582,Pat3_WM_2_141
2583,Pat3_WM_2_142
2584,Pat3_WM_2_144
2585,Pat3_WM_2_146
2586,Pat3_WM_2_147
2587,Pat3_WM_2_149
2588,Pat3_WM_2_152
2589,Pat3_WM_2_154
2590,Pat3_WM_2_156
2591,Pat3_WM_2_158
2592,Pat3_WM_2_160
2593,Pat3_WM_2_163
2594,Pat3_WM_2_167
2595,Pat3_WM_2_170
2596,Pat3_WM_2_171
2597,Pat3_WM_2_172
2598,Pat3_WM_2_175
2599,Pat3_WM_2_179
2600,Pat3_WM_2_180
2601,Pat3_WM_2_181
2602,Pat3_WM_2_182
2603,Pat3_WM_2_187
2604,Pat3_WM_2_188
2605,Pat9_GM_1_18
2606,Pat9_GM_1_19
2607,Pat9_GM_1_20
2608,Pat9_GM_1_35
2609,Pat9_GM_1_50
2610,Pat9_GM_1_51
2611,Pat9_GM_1_66
2612,Pat9_GM_1_68
2613,Pat9_GM_1_79
2614,Pat9_GM_1_81
2615,Pat9_GM_1_83
2616,Pat9_GM_1_86
2617,Pat9_GM_1_89
2618,Pat9_GM_1_98
2619,Pat9_GM_1_100
2620,Pat9_GM_1_101
2621,Pat9_GM_1_113
2622,Pat9_GM_1_114
2623,Pat9_GM_1_115
2624,Pat9_GM_1_116
2625,Pat9_GM_1_119
2626,Pat9_GM_1_121
2627,Pat9_GM_1_129
2628,Pat9_GM_1_130
2629,Pat9_GM_1_131
2630,Pat9_GM_1_134
2631,Pat9_GM_1_135
2632,Pat9_GM_1_137
2633,Pat9_GM_1_139
2634,Pat9_GM_1_145
2635,Pat9_GM_1_147
2636,Pat9_GM_1_149
2637,Pat9_GM_1_151
2638,Pat9_GM_1_153
2639,Pat9_GM_1_154
2640,Pat9_GM_1_164
2641,Pat9_GM_1_165
2642,Pat9_GM_1_167
2643,Pat9_GM_1_168
2644,Pat9_GM_1_170
2645,Pat9_GM_1_171
2646,Pat9_GM_1_172
2647,Pat9_GM_1_177
2648,Pat9_GM_1_178
2649,Pat9_GM_1_179
2650,Pat9_GM_1_180
2651,Pat9_GM_1_181
2652,Pat9_GM_1_183
2653,Pat9_GM_1_184
2654,Pat9_GM_1_185
2655,Pat9_GM_1_188
2656,Pat9_GM_2_2
2657,Pat9_GM_2_3
2658,Pat9_GM_2_5
2659,Pat9_GM_2_8
2660,Pat9_GM_2_9
2661,Pat9_GM_2_10
2662,Pat9_GM_2_11
2663,Pat9_GM_2_12
2664,Pat9_GM_2_15
2665,Pat9_GM_2_18
2666,Pat9_GM_2_19
2667,Pat9_GM_2_22
2668,Pat9_GM_2_24
2669,Pat9_GM_2_25
2670,Pat9_GM_2_27
2671,Pat9_GM_2_29
2672,Pat9_GM_2_36
2673,Pat9_GM_2_37
2674,Pat9_GM_2_40
2675,Pat9_GM_2_46
2676,Pat9_GM_2_49
2677,Pat9_GM_2_50
2678,Pat9_GM_2_55
2679,Pat9_GM_2_56
2680,Pat9_GM_2_57
2681,Pat9_GM_2_58
2682,Pat9_GM_2_60
2683,Pat9_GM_2_61
2684,Pat9_GM_2_63
2685,Pat9_GM_2_65
2686,Pat9_GM_2_68
2687,Pat9_GM_2_71
2688,Pat9_GM_2_72
2689,Pat9_GM_2_73
2690,Pat9_GM_2_76
2691,Pat9_GM_2_77
2692,Pat9_GM_2_78
2693,Pat9_GM_2_79
2694,Pat9_GM_2_80
2695,Pat9_GM_2_83
2696,Pat9_GM_2_84
2697,Pat9_GM_2_86
2698,Pat9_GM_2_87
2699,Pat9_GM_2_88
2700,Pat9_GM_2_90
2701,Pat9_GM_2_91
2702,Pat9_GM_2_92
2703,Pat9_GM_2_93
2704,Pat9_GM_2_97
2705,Pat9_GM_2_103
2706,Pat9_GM_2_104
2707,Pat9_GM_2_105
2708,Pat9_GM_2_106
2709,Pat9_GM_2_108
2710,Pat9_GM_2_110
2711,Pat9_GM_2_112
2712,Pat9_GM_2_114
2713,Pat9_GM_2_117
2714,Pat9_GM_2_120
2715,Pat9_GM_2_122
2716,Pat9_GM_2_123
2717,Pat9_GM_2_125
2718,Pat9_GM_2_126
2719,Pat9_GM_2_127
2720,Pat9_GM_2_128
2721,Pat9_GM_2_130
2722,Pat9_GM_2_131
2723,Pat9_GM_2_132
2724,Pat9_GM_2_133
2725,Pat9_GM_2_134
2726,Pat9_GM_2_135
2727,Pat9_GM_2_138
2728,Pat9_GM_2_141
2729,Pat9_GM_2_147
2730,Pat9_GM_2_148
2731,Pat9_GM_2_150
2732,Pat9_GM_2_151
2733,Pat9_GM_2_152
2734,Pat9_GM_2_154
2735,Pat9_GM_2_155
2736,Pat9_GM_2_156
2737,Pat9_GM_2_157
2738,Pat9_GM_2_158
2739,Pat9_GM_2_159
2740,Pat9_GM_2_160
2741,Pat9_GM_2_163
2742,Pat9_GM_2_165
2743,Pat9_GM_2_166
2744,Pat9_GM_2_167
2745,Pat9_GM_2_170
2746,Pat9_GM_2_171
2747,Pat9_GM_2_173
2748,Pat9_GM_2_174
2749,Pat9_GM_2_175
2750,Pat9_GM_2_176
2751,Pat9_GM_2_181
2752,Pat9_GM_2_182
2753,Pat9_GM_2_184
2754,Pat9_GM_2_187
2755,Pat9_GM_2_189
2756,Pat9_GM_2_191
2757,Pat9_GM_2_192
2758,Pat9_WM_1_19
2759,Pat9_WM_1_33
2760,Pat9_WM_1_34
2761,Pat9_WM_1_36
2762,Pat9_WM_1_50
2763,Pat9_WM_1_52
2764,Pat9_WM_1_65
2765,Pat9_WM_1_66
2766,Pat9_WM_1_67
2767,Pat9_WM_1_70
2768,Pat9_WM_1_81
2769,Pat9_WM_1_82
2770,Pat9_WM_1_83
2771,Pat9_WM_1_84
2772,Pat9_WM_1_85
2773,Pat9_WM_1_86
2774,Pat9_WM_1_89
2775,Pat9_WM_1_97
2776,Pat9_WM_1_98
2777,Pat9_WM_1_101
2778,Pat9_WM_1_102
2779,Pat9_WM_1_105
2780,Pat9_WM_1_113
2781,Pat9_WM_1_114
2782,Pat9_WM_1_115
2783,Pat9_WM_1_116
2784,Pat9_WM_1_117
2785,Pat9_WM_1_118
2786,Pat9_WM_1_120
2787,Pat9_WM_1_131
2788,Pat9_WM_1_134
2789,Pat9_WM_1_136
2790,Pat9_WM_1_137
2791,Pat9_WM_1_147
2792,Pat9_WM_1_149
2793,Pat9_WM_1_150
2794,Pat9_WM_1_151
2795,Pat9_WM_1_152
2796,Pat9_WM_1_153
2797,Pat9_WM_1_154
2798,Pat9_WM_1_161
2799,Pat9_WM_1_162
2800,Pat9_WM_1_163
2801,Pat9_WM_1_164
2802,Pat9_WM_1_165
2803,Pat9_WM_1_166
2804,Pat9_WM_1_167
2805,Pat9_WM_1_168
2806,Pat9_WM_1_169
2807,Pat9_WM_1_170
2808,Pat9_WM_1_171
2809,Pat9_WM_1_177
2810,Pat9_WM_1_180
2811,Pat9_WM_1_181
2812,Pat9_WM_1_185
2813,Pat9_WM_1_187
2814,Pat9_WM_1_188
2815,Pat9_WM_1_190
2816,Pat9_WM_2_1
2817,Pat9_WM_2_3
2818,Pat9_WM_2_4
2819,Pat9_WM_2_6
2820,Pat9_WM_2_7
2821,Pat9_WM_2_9
2822,Pat9_WM_2_10
2823,Pat9_WM_2_12
2824,Pat9_WM_2_15
2825,Pat9_WM_2_17
2826,Pat9_WM_2_18
2827,Pat9_WM_2_20
2828,Pat9_WM_2_21
2829,Pat9_WM_2_29
2830,Pat9_WM_2_34
2831,Pat9_WM_2_35
2832,Pat9_WM_2_37
2833,Pat9_WM_2_39
2834,Pat9_WM_2_40
2835,Pat9_WM_2_43
2836,Pat9_WM_2_44
2837,Pat9_WM_2_45
2838,Pat9_WM_2_48
2839,Pat9_WM_2_50
2840,Pat9_WM_2_51
2841,Pat9_WM_2_53
2842,Pat9_WM_2_54
2843,Pat9_WM_2_55
2844,Pat9_WM_2_56
2845,Pat9_WM_2_58
2846,Pat9_WM_2_59
2847,Pat9_WM_2_61
2848,Pat9_WM_2_66
2849,Pat9_WM_2_67
2850,Pat9_WM_2_68
2851,Pat9_WM_2_69
2852,Pat9_WM_2_70
2853,Pat9_WM_2_71
2854,Pat9_WM_2_72
2855,Pat9_WM_2_76
2856,Pat9_WM_2_77
2857,Pat9_WM_2_78
2858,Pat9_WM_2_80
2859,Pat9_WM_2_82
2860,Pat9_WM_2_83
2861,Pat9_WM_2_86
2862,Pat9_WM_2_87
2863,Pat9_WM_2_88
2864,Pat9_WM_2_93
2865,Pat9_WM_2_95
2866,Pat9_WM_2_96
2867,Pat9_WM_2_98
2868,Pat9_WM_2_100
2869,Pat9_WM_2_101
2870,Pat9_WM_2_103
2871,Pat9_WM_2_104
2872,Pat9_WM_2_107
2873,Pat9_WM_2_108
2874,Pat9_WM_2_109
2875,Pat9_WM_2_110
2876,Pat9_WM_2_111
2877,Pat9_WM_2_114
2878,Pat9_WM_2_119
2879,Pat9_WM_2_120
2880,Pat9_WM_2_121
2881,Pat9_WM_2_125
2882,Pat9_WM_2_126
2883,Pat9_WM_2_127
2884,Pat9_WM_2_130
2885,Pat9_WM_2_131
2886,Pat9_WM_2_132
2887,Pat9_WM_2_134
2888,Pat9_WM_2_136
2889,Pat9_WM_2_141
2890,Pat9_WM_2_142
2891,Pat9_WM_2_144
2892,Pat9_WM_2_148
2893,Pat9_WM_2_151
2894,Pat9_WM_2_152
2895,Pat9_WM_2_155
2896,Pat9_WM_2_157
2897,Pat9_WM_2_164
2898,Pat9_WM_2_165
2899,Pat9_WM_2_170
2900,Pat9_WM_2_172
2901,Pat9_WM_2_174
2902,Pat9_WM_2_175
2903,Pat9_WM_2_176
2904,Pat9_WM_2_180
2905,Pat9_WM_2_181
2906,Pat9_WM_2_183
2907,Pat9_WM_2_184
2908,Pat9_WM_2_188
2909,Pat9_WM_2_190
2910,Pat9_WM_2_191
2911,Pat8_GM_1_1
2912,Pat8_GM_1_3
2913,Pat8_GM_1_4
2914,Pat8_GM_1_10
2915,Pat8_GM_1_11
2916,Pat8_GM_1_17
2917,Pat8_GM_1_19
2918,Pat8_GM_1_20
2919,Pat8_GM_1_22
2920,Pat8_GM_1_25
2921,Pat8_GM_1_33
2922,Pat8_GM_1_35
2923,Pat8_GM_1_36
2924,Pat8_GM_1_37
2925,Pat8_GM_1_38
2926,Pat8_GM_1_39
2927,Pat8_GM_1_41
2928,Pat8_GM_1_43
2929,Pat8_GM_1_44
2930,Pat8_GM_1_49
2931,Pat8_GM_1_52
2932,Pat8_GM_1_53
2933,Pat8_GM_1_54
2934,Pat8_GM_1_55
2935,Pat8_GM_1_56
2936,Pat8_GM_1_57
2937,Pat8_GM_1_58
2938,Pat8_GM_1_59
2939,Pat8_GM_1_60
2940,Pat8_GM_1_61
2941,Pat8_GM_1_65
2942,Pat8_GM_1_66
2943,Pat8_GM_1_67
2944,Pat8_GM_1_68
2945,Pat8_GM_1_69
2946,Pat8_GM_1_71
2947,Pat8_GM_1_73
2948,Pat8_GM_1_74
2949,Pat8_GM_1_76
2950,Pat8_GM_1_77
2951,Pat8_GM_1_82
2952,Pat8_GM_1_83
2953,Pat8_GM_1_84
2954,Pat8_GM_1_85
2955,Pat8_GM_1_86
2956,Pat8_GM_1_87
2957,Pat8_GM_1_89
2958,Pat8_GM_1_90
2959,Pat8_GM_1_91
2960,Pat8_GM_1_93
2961,Pat8_GM_1_98
2962,Pat8_GM_1_99
2963,Pat8_GM_1_100
2964,Pat8_GM_1_103
2965,Pat8_GM_1_106
2966,Pat8_GM_1_108
2967,Pat8_GM_1_113
2968,Pat8_GM_1_115
2969,Pat8_GM_1_116
2970,Pat8_GM_1_120
2971,Pat8_GM_1_121
2972,Pat8_GM_1_122
2973,Pat8_GM_1_123
2974,Pat8_GM_1_125
2975,Pat8_GM_1_126
2976,Pat8_GM_1_129
2977,Pat8_GM_1_130
2978,Pat8_GM_1_131
2979,Pat8_GM_1_132
2980,Pat8_GM_1_134
2981,Pat8_GM_1_136
2982,Pat8_GM_1_138
2983,Pat8_GM_1_145
2984,Pat8_GM_1_148
2985,Pat8_GM_1_151
2986,Pat8_GM_1_153
2987,Pat8_GM_1_154
2988,Pat8_GM_1_155
2989,Pat8_GM_1_156
2990,Pat8_GM_1_161
2991,Pat8_GM_1_162
2992,Pat8_GM_1_165
2993,Pat8_GM_1_166
2994,Pat8_GM_1_167
2995,Pat8_GM_1_168
2996,Pat8_GM_1_169
2997,Pat8_GM_1_170
2998,Pat8_GM_1_172
2999,Pat8_GM_1_173
3000,Pat8_GM_1_174
3001,Pat8_GM_1_177
3002,Pat8_GM_1_178
3003,Pat8_GM_1_179
3004,Pat8_GM_1_180
3005,Pat8_GM_1_181
3006,Pat8_GM_1_182
3007,Pat8_GM_1_183
3008,Pat8_GM_1_184
3009,Pat8_GM_1_188
3010,Pat8_GM_1_189
3011,Pat8_GM_1_192
3012,Pat8_GM_2_3
3013,Pat8_GM_2_4
3014,Pat8_GM_2_5
3015,Pat8_GM_2_6
3016,Pat8_GM_2_7
3017,Pat8_GM_2_8
3018,Pat8_GM_2_10
3019,Pat8_GM_2_12
3020,Pat8_GM_2_14
3021,Pat8_GM_2_15
3022,Pat8_GM_2_19
3023,Pat8_GM_2_20
3024,Pat8_GM_2_21
3025,Pat8_GM_2_22
3026,Pat8_GM_2_23
3027,Pat8_GM_2_24
3028,Pat8_GM_2_25
3029,Pat8_GM_2_26
3030,Pat8_GM_2_27
3031,Pat8_GM_2_28
3032,Pat8_GM_2_29
3033,Pat8_GM_2_30
3034,Pat8_GM_2_31
3035,Pat8_GM_2_32
3036,Pat8_GM_2_33
3037,Pat8_GM_2_34
3038,Pat8_GM_2_35
3039,Pat8_GM_2_36
3040,Pat8_GM_2_38
3041,Pat8_GM_2_39
3042,Pat8_GM_2_40
3043,Pat8_GM_2_42
3044,Pat8_GM_2_44
3045,Pat8_GM_2_45
3046,Pat8_GM_2_46
3047,Pat8_GM_2_47
3048,Pat8_GM_2_50
3049,Pat8_GM_2_51
3050,Pat8_GM_2_53
3051,Pat8_GM_2_54
3052,Pat8_GM_2_55
3053,Pat8_GM_2_56
3054,Pat8_GM_2_57
3055,Pat8_GM_2_58
3056,Pat8_GM_2_59
3057,Pat8_GM_2_60
3058,Pat8_GM_2_61
3059,Pat8_GM_2_65
3060,Pat8_GM_2_66
3061,Pat8_GM_2_67
3062,Pat8_GM_2_68
3063,Pat8_GM_2_69
3064,Pat8_GM_2_70
3065,Pat8_GM_2_71
3066,Pat8_GM_2_72
3067,Pat8_GM_2_73
3068,Pat8_GM_2_74
3069,Pat8_GM_2_75
3070,Pat8_GM_2_76
3071,Pat8_GM_2_77
3072,Pat8_GM_2_78
3073,Pat8_GM_2_79
3074,Pat8_GM_2_81
3075,Pat8_GM_2_82
3076,Pat8_GM_2_83
3077,Pat8_GM_2_84
3078,Pat8_GM_2_85
3079,Pat8_GM_2_86
3080,Pat8_GM_2_87
3081,Pat8_GM_2_88
3082,Pat8_GM_2_89
3083,Pat8_GM_2_90
3084,Pat8_GM_2_91
3085,Pat8_GM_2_93
3086,Pat8_GM_2_94
3087,Pat8_GM_2_95
3088,Pat8_GM_2_96
3089,Pat8_GM_2_98
3090,Pat8_GM_2_99
3091,Pat8_GM_2_100
3092,Pat8_GM_2_101
3093,Pat8_GM_2_103
3094,Pat8_GM_2_104
3095,Pat8_GM_2_105
3096,Pat8_GM_2_108
3097,Pat8_GM_2_109
3098,Pat8_GM_2_110
3099,Pat8_GM_2_111
3100,Pat8_GM_2_113
3101,Pat8_GM_2_115
3102,Pat8_GM_2_116
3103,Pat8_GM_2_117
3104,Pat8_GM_2_118
3105,Pat8_GM_2_119
3106,Pat8_GM_2_122
3107,Pat8_GM_2_123
3108,Pat8_GM_2_125
3109,Pat8_GM_2_126
3110,Pat8_GM_2_127
3111,Pat8_GM_2_128
3112,Pat8_GM_2_130
3113,Pat8_GM_2_132
3114,Pat8_GM_2_135
3115,Pat8_GM_2_137
3116,Pat8_GM_2_138
3117,Pat8_GM_2_139
3118,Pat8_GM_2_140
3119,Pat8_GM_2_141
3120,Pat8_GM_2_143
3121,Pat8_GM_2_144
3122,Pat8_GM_2_146
3123,Pat8_GM_2_148
3124,Pat8_GM_2_152
3125,Pat8_GM_2_153
3126,Pat8_GM_2_155
3127,Pat8_GM_2_157
3128,Pat8_GM_2_158
3129,Pat8_GM_2_159
3130,Pat8_GM_2_164
3131,Pat8_GM_2_165
3132,Pat8_GM_2_166
3133,Pat8_GM_2_167
3134,Pat8_GM_2_168
3135,Pat8_GM_2_171
3136,Pat8_GM_2_173
3137,Pat8_GM_2_174
3138,Pat8_GM_2_175
3139,Pat8_GM_2_180
3140,Pat8_GM_2_181
3141,Pat8_GM_2_182
3142,Pat8_GM_2_183
3143,Pat8_GM_2_184
3144,Pat8_GM_2_189
3145,Pat8_GM_2_190
3146,Pat8_GM_2_191
3147,Pat8_GM_2_192
3148,Pat8_WM_1_1
3149,Pat8_WM_1_2
3150,Pat8_WM_1_3
3151,Pat8_WM_1_11
3152,Pat8_WM_1_17
3153,Pat8_WM_1_19
3154,Pat8_WM_1_20
3155,Pat8_WM_1_27
3156,Pat8_WM_1_28
3157,Pat8_WM_1_33
3158,Pat8_WM_1_34
3159,Pat8_WM_1_41
3160,Pat8_WM_1_43
3161,Pat8_WM_1_50
3162,Pat8_WM_1_51
3163,Pat8_WM_1_52
3164,Pat8_WM_1_53
3165,Pat8_WM_1_56
3166,Pat8_WM_1_57
3167,Pat8_WM_1_65
3168,Pat8_WM_1_66
3169,Pat8_WM_1_67
3170,Pat8_WM_1_68
3171,Pat8_WM_1_69
3172,Pat8_WM_1_70
3173,Pat8_WM_1_71
3174,Pat8_WM_1_72
3175,Pat8_WM_1_75
3176,Pat8_WM_1_83
3177,Pat8_WM_1_85
3178,Pat8_WM_1_86
3179,Pat8_WM_1_87
3180,Pat8_WM_1_89
3181,Pat8_WM_1_92
3182,Pat8_WM_1_97
3183,Pat8_WM_1_98
3184,Pat8_WM_1_103
3185,Pat8_WM_1_104
3186,Pat8_WM_1_107
3187,Pat8_WM_1_115
3188,Pat8_WM_1_116
3189,Pat8_WM_1_118
3190,Pat8_WM_1_119
3191,Pat8_WM_1_120
3192,Pat8_WM_1_121
3193,Pat8_WM_1_122
3194,Pat8_WM_1_124
3195,Pat8_WM_1_125
3196,Pat8_WM_1_129
3197,Pat8_WM_1_131
3198,Pat8_WM_1_132
3199,Pat8_WM_1_136
3200,Pat8_WM_1_138
3201,Pat8_WM_1_140
3202,Pat8_WM_1_145
3203,Pat8_WM_1_149
3204,Pat8_WM_1_151
3205,Pat8_WM_1_152
3206,Pat8_WM_1_153
3207,Pat8_WM_1_154
3208,Pat8_WM_1_156
3209,Pat8_WM_1_157
3210,Pat8_WM_1_161
3211,Pat8_WM_1_163
3212,Pat8_WM_1_165
3213,Pat8_WM_1_168
3214,Pat8_WM_1_170
3215,Pat8_WM_1_177
3216,Pat8_WM_1_178
3217,Pat8_WM_1_180
3218,Pat8_WM_1_181
3219,Pat8_WM_1_183
3220,Pat8_WM_1_184
3221,Pat8_WM_1_187
3222,Pat8_WM_2_4_1
3223,Pat8_WM_2_4_3
3224,Pat8_WM_2_4_4
3225,Pat8_WM_2_4_5
3226,Pat8_WM_2_4_6
3227,Pat8_WM_2_4_8
3228,Pat8_WM_2_4_9
3229,Pat8_WM_2_4_11
3230,Pat8_WM_2_4_12
3231,Pat8_WM_2_4_14
3232,Pat8_WM_2_4_18
3233,Pat8_WM_2_4_19
3234,Pat8_WM_2_4_21
3235,Pat8_WM_2_4_24
3236,Pat8_WM_2_4_25
3237,Pat8_WM_2_4_26
3238,Pat8_WM_2_4_27
3239,Pat8_WM_2_4_28
3240,Pat8_WM_2_4_29
3241,Pat8_WM_2_4_30
3242,Pat8_WM_2_4_31
3243,Pat8_WM_2_4_32
3244,Pat8_WM_2_4_34
3245,Pat8_WM_2_4_36
3246,Pat8_WM_2_4_37
3247,Pat8_WM_2_4_39
3248,Pat8_WM_2_4_40
3249,Pat8_WM_2_4_41
3250,Pat8_WM_2_4_42
3251,Pat8_WM_2_4_43
3252,Pat8_WM_2_4_44
3253,Pat8_WM_2_4_45
3254,Pat8_WM_2_4_47
3255,Pat8_WM_2_4_48
3256,Pat8_WM_2_4_51
3257,Pat8_WM_2_4_52
3258,Pat8_WM_2_4_53
3259,Pat8_WM_2_4_54
3260,Pat8_WM_2_4_57
3261,Pat8_WM_2_4_58
3262,Pat8_WM_2_4_59
3263,Pat8_WM_2_4_60
3264,Pat8_WM_2_4_62
3265,Pat8_WM_2_4_63
3266,Pat8_WM_2_4_66
3267,Pat8_WM_2_4_67
3268,Pat8_WM_2_4_69
3269,Pat8_WM_2_4_70
3270,Pat8_WM_2_4_71
3271,Pat8_WM_2_4_76
3272,Pat8_WM_2_4_77
3273,Pat8_WM_2_4_78
3274,Pat8_WM_2_4_79
3275,Pat8_WM_2_4_81
3276,Pat8_WM_2_4_82
3277,Pat8_WM_2_4_83
3278,Pat8_WM_2_4_84
3279,Pat8_WM_2_4_85
3280,Pat8_WM_2_4_86
3281,Pat8_WM_2_4_87
3282,Pat8_WM_2_4_88
3283,Pat8_WM_2_4_89
3284,Pat8_WM_2_4_90
3285,Pat8_WM_2_4_91
3286,Pat8_WM_2_4_92
3287,Pat8_WM_2_4_93
3288,Pat8_WM_2_4_95
3289,Pat8_WM_2_4_96
3290,Pat8_WM_2_4_98
3291,Pat8_WM_2_4_99
3292,Pat8_WM_2_4_100
3293,Pat8_WM_2_4_102
3294,Pat8_WM_2_4_103
3295,Pat8_WM_2_4_104
3296,Pat8_WM_2_4_105
3297,Pat8_WM_2_4_106
3298,Pat8_WM_2_4_107
3299,Pat8_WM_2_4_108
3300,Pat8_WM_2_4_109
3301,Pat8_WM_2_4_110
3302,Pat8_WM_2_4_112
3303,Pat8_WM_2_4_113
3304,Pat8_WM_2_4_115
3305,Pat8_WM_2_4_119
3306,Pat8_WM_2_4_120
3307,Pat8_WM_2_4_122
3308,Pat8_WM_2_4_124
3309,Pat8_WM_2_4_125
3310,Pat8_WM_2_4_127
3311,Pat8_WM_2_4_128
3312,Pat8_WM_2_4_130
3313,Pat8_WM_2_4_134
3314,Pat8_WM_2_4_135
3315,Pat8_WM_2_4_139
3316,Pat8_WM_2_4_142
3317,Pat8_WM_2_4_144
3318,Pat8_WM_2_4_146
3319,Pat8_WM_2_4_149
3320,Pat8_WM_2_4_152
3321,Pat8_WM_2_4_155
3322,Pat8_WM_2_4_157
3323,Pat8_WM_2_4_158
3324,Pat8_WM_2_4_160
3325,Pat8_WM_2_4_164
3326,Pat8_WM_2_4_165
3327,Pat8_WM_2_4_166
3328,Pat8_WM_2_4_168
3329,Pat8_WM_2_4_172
3330,Pat8_WM_2_4_173
3331,Pat8_WM_2_4_174
3332,Pat8_WM_2_4_175
3333,Pat8_WM_2_4_176
3334,Pat8_WM_2_4_180
3335,Pat8_WM_2_4_181
3336,Pat8_WM_2_4_182
3337,Pat8_WM_2_4_183
3338,Pat8_WM_2_4_184
3339,Pat8_WM_2_4_188
3340,Pat8_WM_2_4_189
3341,Pat8_WM_2_4_190
3342,Pat8_WM_2_4_191
3343,Pat8_WM_2_4_192
3344,Pat1_GM_1_1
3345,Pat1_GM_1_2
3346,Pat1_GM_1_3
3347,Pat1_GM_1_4
3348,Pat1_GM_1_10
3349,Pat1_GM_1_11
3350,Pat1_GM_1_33
3351,Pat1_GM_1_34
3352,Pat1_GM_1_35
3353,Pat1_GM_1_38
3354,Pat1_GM_1_39
3355,Pat1_GM_1_43
3356,Pat1_GM_1_49
3357,Pat1_GM_1_50
3358,Pat1_GM_1_51
3359,Pat1_GM_1_53
3360,Pat1_GM_1_54
3361,Pat1_GM_1_57
3362,Pat1_GM_1_58
3363,Pat1_GM_1_61
3364,Pat1_GM_1_65
3365,Pat1_GM_1_66
3366,Pat1_GM_1_67
3367,Pat1_GM_1_68
3368,Pat1_GM_1_69
3369,Pat1_GM_1_70
3370,Pat1_GM_1_73
3371,Pat1_GM_1_82
3372,Pat1_GM_1_83
3373,Pat1_GM_1_84
3374,Pat1_GM_1_85
3375,Pat1_GM_1_86
3376,Pat1_GM_1_89
3377,Pat1_GM_1_90
3378,Pat1_GM_1_91
3379,Pat1_GM_1_97
3380,Pat1_GM_1_98
3381,Pat1_GM_1_100
3382,Pat1_GM_1_103
3383,Pat1_GM_1_104
3384,Pat1_GM_1_106
3385,Pat1_GM_1_107
3386,Pat1_GM_1_108
3387,Pat1_GM_1_114
3388,Pat1_GM_1_115
3389,Pat1_GM_1_116
3390,Pat1_GM_1_118
3391,Pat1_GM_1_119
3392,Pat1_GM_1_120
3393,Pat1_GM_1_121
3394,Pat1_GM_1_122
3395,Pat1_GM_1_123
3396,Pat1_GM_1_124
3397,Pat1_GM_1_125
3398,Pat1_GM_1_129
3399,Pat1_GM_1_130
3400,Pat1_GM_1_132
3401,Pat1_GM_1_134
3402,Pat1_GM_1_135
3403,Pat1_GM_1_136
3404,Pat1_GM_1_137
3405,Pat1_GM_1_138
3406,Pat1_GM_1_139
3407,Pat1_GM_1_142
3408,Pat1_GM_1_145
3409,Pat1_GM_1_148
3410,Pat1_GM_1_153
3411,Pat1_GM_1_154
3412,Pat1_GM_1_155
3413,Pat1_GM_1_156
3414,Pat1_GM_1_157
3415,Pat1_GM_1_161
3416,Pat1_GM_1_163
3417,Pat1_GM_1_164
3418,Pat1_GM_1_166
3419,Pat1_GM_1_167
3420,Pat1_GM_1_168
3421,Pat1_GM_1_169
3422,Pat1_GM_1_170
3423,Pat1_GM_1_171
3424,Pat1_GM_1_172
3425,Pat1_GM_1_173
3426,Pat1_GM_1_174
3427,Pat1_GM_1_177
3428,Pat1_GM_1_178
3429,Pat1_GM_1_180
3430,Pat1_GM_1_181
3431,Pat1_GM_1_182
3432,Pat1_GM_1_184
3433,Pat1_GM_1_186
3434,Pat1_GM_1_187
3435,Pat1_GM_1_189
3436,Pat1_GM_1_191
3437,Pat1_GM_2_1
3438,Pat1_GM_2_3
3439,Pat1_GM_2_4
3440,Pat1_GM_2_5
3441,Pat1_GM_2_6
3442,Pat1_GM_2_7
3443,Pat1_GM_2_8
3444,Pat1_GM_2_9
3445,Pat1_GM_2_10
3446,Pat1_GM_2_11
3447,Pat1_GM_2_12
3448,Pat1_GM_2_14
3449,Pat1_GM_2_15
3450,Pat1_GM_2_17
3451,Pat1_GM_2_18
3452,Pat1_GM_2_19
3453,Pat1_GM_2_20
3454,Pat1_GM_2_21
3455,Pat1_GM_2_22
3456,Pat1_GM_2_23
3457,Pat1_GM_2_24
3458,Pat1_GM_2_25
3459,Pat1_GM_2_26
3460,Pat1_GM_2_27
3461,Pat1_GM_2_28
3462,Pat1_GM_2_29
3463,Pat1_GM_2_30
3464,Pat1_GM_2_32
3465,Pat1_GM_2_33
3466,Pat1_GM_2_35
3467,Pat1_GM_2_36
3468,Pat1_GM_2_37
3469,Pat1_GM_2_38
3470,Pat1_GM_2_39
3471,Pat1_GM_2_40
3472,Pat1_GM_2_41
3473,Pat1_GM_2_43
3474,Pat1_GM_2_44
3475,Pat1_GM_2_45
3476,Pat1_GM_2_46
3477,Pat1_GM_2_47
3478,Pat1_GM_2_48
3479,Pat1_GM_2_50
3480,Pat1_GM_2_51
3481,Pat1_GM_2_52
3482,Pat1_GM_2_53
3483,Pat1_GM_2_54
3484,Pat1_GM_2_55
3485,Pat1_GM_2_56
3486,Pat1_GM_2_57
3487,Pat1_GM_2_58
3488,Pat1_GM_2_59
3489,Pat1_GM_2_60
3490,Pat1_GM_2_61
3491,Pat1_GM_2_62
3492,Pat1_GM_2_63
3493,Pat1_GM_2_65
3494,Pat1_GM_2_66
3495,Pat1_GM_2_67
3496,Pat1_GM_2_68
3497,Pat1_GM_2_69
3498,Pat1_GM_2_70
3499,Pat1_GM_2_71
3500,Pat1_GM_2_72
3501,Pat1_GM_2_73
3502,Pat1_GM_2_74
3503,Pat1_GM_2_75
3504,Pat1_GM_2_76
3505,Pat1_GM_2_77
3506,Pat1_GM_2_78
3507,Pat1_GM_2_79
3508,Pat1_GM_2_80
3509,Pat1_GM_2_81
3510,Pat1_GM_2_82
3511,Pat1_GM_2_83
3512,Pat1_GM_2_85
3513,Pat1_GM_2_86
3514,Pat1_GM_2_87
3515,Pat1_GM_2_88
3516,Pat1_GM_2_89
3517,Pat1_GM_2_91
3518,Pat1_GM_2_92
3519,Pat1_GM_2_93
3520,Pat1_GM_2_94
3521,Pat1_GM_2_95
3522,Pat1_GM_2_96
3523,Pat1_GM_2_97
3524,Pat1_GM_2_98
3525,Pat1_GM_2_99
3526,Pat1_GM_2_100
3527,Pat1_GM_2_101
3528,Pat1_GM_2_102
3529,Pat1_GM_2_103
3530,Pat1_GM_2_105
3531,Pat1_GM_2_106
3532,Pat1_GM_2_107
3533,Pat1_GM_2_108
3534,Pat1_GM_2_109
3535,Pat1_GM_2_110
3536,Pat1_GM_2_113
3537,Pat1_GM_2_115
3538,Pat1_GM_2_116
3539,Pat1_GM_2_117
3540,Pat1_GM_2_118
3541,Pat1_GM_2_119
3542,Pat1_GM_2_121
3543,Pat1_GM_2_122
3544,Pat1_GM_2_123
3545,Pat1_GM_2_124
3546,Pat1_GM_2_125
3547,Pat1_GM_2_126
3548,Pat1_GM_2_127
3549,Pat1_GM_2_128
3550,Pat1_GM_2_129
3551,Pat1_GM_2_131
3552,Pat1_GM_2_132
3553,Pat1_GM_2_134
3554,Pat1_GM_2_135
3555,Pat1_GM_2_136
3556,Pat1_GM_2_137
3557,Pat1_GM_2_139
3558,Pat1_GM_2_140
3559,Pat1_GM_2_141
3560,Pat1_GM_2_142
3561,Pat1_GM_2_143
3562,Pat1_GM_2_144
3563,Pat1_GM_2_145
3564,Pat1_GM_2_146
3565,Pat1_GM_2_147
3566,Pat1_GM_2_148
3567,Pat1_GM_2_149
3568,Pat1_GM_2_152
3569,Pat1_GM_2_153
3570,Pat1_GM_2_155
3571,Pat1_GM_2_156
3572,Pat1_GM_2_157
3573,Pat1_GM_2_158
3574,Pat1_GM_2_160
3575,Pat1_GM_2_162
3576,Pat1_GM_2_163
3577,Pat1_GM_2_164
3578,Pat1_GM_2_165
3579,Pat1_GM_2_166
3580,Pat1_GM_2_167
3581,Pat1_GM_2_168
3582,Pat1_GM_2_170
3583,Pat1_GM_2_171
3584,Pat1_GM_2_174
3585,Pat1_GM_2_176
3586,Pat1_GM_2_180
3587,Pat1_GM_2_182
3588,Pat1_GM_2_183
3589,Pat1_GM_2_184
3590,Pat1_GM_2_186
3591,Pat1_GM_2_188
3592,Pat1_GM_2_189
3593,Pat1_GM_2_190
3594,Pat1_GM_2_191
3595,Pat1_WM_1_1
3596,Pat1_WM_1_2
3597,Pat1_WM_1_3
3598,Pat1_WM_1_6
3599,Pat1_WM_1_9
3600,Pat1_WM_1_10
3601,Pat1_WM_1_17
3602,Pat1_WM_1_18
3603,Pat1_WM_1_19
3604,Pat1_WM_1_20
3605,Pat1_WM_1_26
3606,Pat1_WM_1_27
3607,Pat1_WM_1_28
3608,Pat1_WM_1_34
3609,Pat1_WM_1_35
3610,Pat1_WM_1_37
3611,Pat1_WM_1_38
3612,Pat1_WM_1_41
3613,Pat1_WM_1_42
3614,Pat1_WM_1_43
3615,Pat1_WM_1_44
3616,Pat1_WM_1_50
3617,Pat1_WM_1_51
3618,Pat1_WM_1_52
3619,Pat1_WM_1_53
3620,Pat1_WM_1_54
3621,Pat1_WM_1_55
3622,Pat1_WM_1_57
3623,Pat1_WM_1_58
3624,Pat1_WM_1_59
3625,Pat1_WM_1_60
3626,Pat1_WM_1_66
3627,Pat1_WM_1_67
3628,Pat1_WM_1_68
3629,Pat1_WM_1_69
3630,Pat1_WM_1_70
3631,Pat1_WM_1_73
3632,Pat1_WM_1_74
3633,Pat1_WM_1_75
3634,Pat1_WM_1_76
3635,Pat1_WM_1_81
3636,Pat1_WM_1_83
3637,Pat1_WM_1_84
3638,Pat1_WM_1_85
3639,Pat1_WM_1_86
3640,Pat1_WM_1_87
3641,Pat1_WM_1_88
3642,Pat1_WM_1_89
3643,Pat1_WM_1_91
3644,Pat1_WM_1_92
3645,Pat1_WM_1_97
3646,Pat1_WM_1_98
3647,Pat1_WM_1_99
3648,Pat1_WM_1_100
3649,Pat1_WM_1_101
3650,Pat1_WM_1_102
3651,Pat1_WM_1_103
3652,Pat1_WM_1_104
3653,Pat1_WM_1_105
3654,Pat1_WM_1_107
3655,Pat1_WM_1_109
3656,Pat1_WM_1_113
3657,Pat1_WM_1_114
3658,Pat1_WM_1_115
3659,Pat1_WM_1_116
3660,Pat1_WM_1_117
3661,Pat1_WM_1_118
3662,Pat1_WM_1_119
3663,Pat1_WM_1_121
3664,Pat1_WM_1_122
3665,Pat1_WM_1_123
3666,Pat1_WM_1_124
3667,Pat1_WM_1_125
3668,Pat1_WM_1_129
3669,Pat1_WM_1_130
3670,Pat1_WM_1_131
3671,Pat1_WM_1_132
3672,Pat1_WM_1_134
3673,Pat1_WM_1_136
3674,Pat1_WM_1_137
3675,Pat1_WM_1_139
3676,Pat1_WM_1_140
3677,Pat1_WM_1_145
3678,Pat1_WM_1_146
3679,Pat1_WM_1_147
3680,Pat1_WM_1_148
3681,Pat1_WM_1_149
3682,Pat1_WM_1_150
3683,Pat1_WM_1_151
3684,Pat1_WM_1_152
3685,Pat1_WM_1_153
3686,Pat1_WM_1_154
3687,Pat1_WM_1_155
3688,Pat1_WM_1_156
3689,Pat1_WM_1_157
3690,Pat1_WM_1_158
3691,Pat1_WM_1_161
3692,Pat1_WM_1_163
3693,Pat1_WM_1_164
3694,Pat1_WM_1_165
3695,Pat1_WM_1_166
3696,Pat1_WM_1_167
3697,Pat1_WM_1_168
3698,Pat1_WM_1_170
3699,Pat1_WM_1_171
3700,Pat1_WM_1_174
3701,Pat1_WM_1_177
3702,Pat1_WM_1_178
3703,Pat1_WM_1_179
3704,Pat1_WM_1_181
3705,Pat1_WM_1_182
3706,Pat1_WM_1_183
3707,Pat1_WM_1_184
3708,Pat1_WM_1_185
3709,Pat1_WM_1_186
3710,Pat1_WM_1_187
3711,Pat1_WM_1_188
3712,Pat1_WM_1_189
3713,Pat1_WM_1_190
3714,Pat1_WM_1_191
3715,Pat1_WM_2_1
3716,Pat1_WM_2_2
3717,Pat1_WM_2_3
3718,Pat1_WM_2_4
3719,Pat1_WM_2_5
3720,Pat1_WM_2_6
3721,Pat1_WM_2_7
3722,Pat1_WM_2_8
3723,Pat1_WM_2_9
3724,Pat1_WM_2_10
3725,Pat1_WM_2_11
3726,Pat1_WM_2_12
3727,Pat1_WM_2_14
3728,Pat1_WM_2_15
3729,Pat1_WM_2_16
3730,Pat1_WM_2_17
3731,Pat1_WM_2_18
3732,Pat1_WM_2_19
3733,Pat1_WM_2_20
3734,Pat1_WM_2_21
3735,Pat1_WM_2_22
3736,Pat1_WM_2_23
3737,Pat1_WM_2_24
3738,Pat1_WM_2_25
3739,Pat1_WM_2_26
3740,Pat1_WM_2_27
3741,Pat1_WM_2_28
3742,Pat1_WM_2_29
3743,Pat1_WM_2_30
3744,Pat1_WM_2_33
3745,Pat1_WM_2_34
3746,Pat1_WM_2_35
3747,Pat1_WM_2_36
3748,Pat1_WM_2_38
3749,Pat1_WM_2_39
3750,Pat1_WM_2_40
3751,Pat1_WM_2_41
3752,Pat1_WM_2_43
3753,Pat1_WM_2_44
3754,Pat1_WM_2_45
3755,Pat1_WM_2_46
3756,Pat1_WM_2_47
3757,Pat1_WM_2_49
3758,Pat1_WM_2_50
3759,Pat1_WM_2_52
3760,Pat1_WM_2_54
3761,Pat1_WM_2_55
3762,Pat1_WM_2_56
3763,Pat1_WM_2_58
3764,Pat1_WM_2_59
3765,Pat1_WM_2_60
3766,Pat1_WM_2_61
3767,Pat1_WM_2_62
3768,Pat1_WM_2_65
3769,Pat1_WM_2_66
3770,Pat1_WM_2_67
3771,Pat1_WM_2_69
3772,Pat1_WM_2_70
3773,Pat1_WM_2_71
3774,Pat1_WM_2_72
3775,Pat1_WM_2_73
3776,Pat1_WM_2_74
3777,Pat1_WM_2_75
3778,Pat1_WM_2_76
3779,Pat1_WM_2_77
3780,Pat1_WM_2_78
3781,Pat1_WM_2_80
3782,Pat1_WM_2_81
3783,Pat1_WM_2_82
3784,Pat1_WM_2_83
3785,Pat1_WM_2_84
3786,Pat1_WM_2_85
3787,Pat1_WM_2_86
3788,Pat1_WM_2_87
3789,Pat1_WM_2_88
3790,Pat1_WM_2_89
3791,Pat1_WM_2_90
3792,Pat1_WM_2_91
3793,Pat1_WM_2_92
3794,Pat1_WM_2_93
3795,Pat1_WM_2_94
3796,Pat1_WM_2_95
3797,Pat1_WM_2_97
3798,Pat1_WM_2_98
3799,Pat1_WM_2_99
3800,Pat1_WM_2_100
3801,Pat1_WM_2_102
3802,Pat1_WM_2_103
3803,Pat1_WM_2_104
3804,Pat1_WM_2_105
3805,Pat1_WM_2_106
3806,Pat1_WM_2_107
3807,Pat1_WM_2_108
3808,Pat1_WM_2_109
3809,Pat1_WM_2_111
3810,Pat1_WM_2_112
3811,Pat1_WM_2_113
3812,Pat1_WM_2_114
3813,Pat1_WM_2_115
3814,Pat1_WM_2_116
3815,Pat1_WM_2_118
3816,Pat1_WM_2_120
3817,Pat1_WM_2_122
3818,Pat1_WM_2_123
3819,Pat1_WM_2_124
3820,Pat1_WM_2_125
3821,Pat1_WM_2_126
3822,Pat1_WM_2_127
3823,Pat1_WM_2_128
3824,Pat1_WM_2_129
3825,Pat1_WM_2_130
3826,Pat1_WM_2_131
3827,Pat1_WM_2_132
3828,Pat1_WM_2_134
3829,Pat1_WM_2_135
3830,Pat1_WM_2_136
3831,Pat1_WM_2_138
3832,Pat1_WM_2_139
3833,Pat1_WM_2_140
3834,Pat1_WM_2_141
3835,Pat1_WM_2_142
3836,Pat1_WM_2_143
3837,Pat1_WM_2_144
3838,Pat1_WM_2_146
3839,Pat1_WM_2_147
3840,Pat1_WM_2_148
3841,Pat1_WM_2_149
3842,Pat1_WM_2_150
3843,Pat1_WM_2_151
3844,Pat1_WM_2_152
3845,Pat1_WM_2_156
3846,Pat1_WM_2_157
3847,Pat1_WM_2_158
3848,Pat1_WM_2_159
3849,Pat1_WM_2_160
3850,Pat1_WM_2_163
3851,Pat1_WM_2_166
3852,Pat1_WM_2_167
3853,Pat1_WM_2_168
3854,Pat1_WM_2_171
3855,Pat1_WM_2_172
3856,Pat1_WM_2_173
3857,Pat1_WM_2_174
3858,Pat1_WM_2_175
3859,Pat1_WM_2_176
3860,Pat1_WM_2_180
3861,Pat1_WM_2_181
3862,Pat1_WM_2_182
3863,Pat1_WM_2_183
3864,Pat1_WM_2_184
3865,Pat1_WM_2_187
3866,Pat1_WM_2_188
3867,Pat1_WM_2_189
3868,Pat1_WM_2_190
3869,Pat1_WM_2_191
3870,Pat5_GM_1_1
3871,Pat5_GM_1_3
3872,Pat5_GM_1_4
3873,Pat5_GM_1_9
3874,Pat5_GM_1_18
3875,Pat5_GM_1_19
3876,Pat5_GM_1_27
3877,Pat5_GM_1_34
3878,Pat5_GM_1_35
3879,Pat5_GM_1_36
3880,Pat5_GM_1_42
3881,Pat5_GM_1_43
3882,Pat5_GM_1_51
3883,Pat5_GM_1_53
3884,Pat5_GM_1_57
3885,Pat5_GM_1_58
3886,Pat5_GM_1_60
3887,Pat5_GM_1_65
3888,Pat5_GM_1_67
3889,Pat5_GM_1_68
3890,Pat5_GM_1_70
3891,Pat5_GM_1_71
3892,Pat5_GM_1_73
3893,Pat5_GM_1_74
3894,Pat5_GM_1_75
3895,Pat5_GM_1_81
3896,Pat5_GM_1_83
3897,Pat5_GM_1_85
3898,Pat5_GM_1_87
3899,Pat5_GM_1_88
3900,Pat5_GM_1_97
3901,Pat5_GM_1_99
3902,Pat5_GM_1_100
3903,Pat5_GM_1_101
3904,Pat5_GM_1_104
3905,Pat5_GM_1_107
3906,Pat5_GM_1_108
3907,Pat5_GM_1_114
3908,Pat5_GM_1_117
3909,Pat5_GM_1_118
3910,Pat5_GM_1_119
3911,Pat5_GM_1_120
3912,Pat5_GM_1_121
3913,Pat5_GM_1_122
3914,Pat5_GM_1_123
3915,Pat5_GM_1_124
3916,Pat5_GM_1_125
3917,Pat5_GM_1_130
3918,Pat5_GM_1_131
3919,Pat5_GM_1_134
3920,Pat5_GM_1_135
3921,Pat5_GM_1_136
3922,Pat5_GM_1_137
3923,Pat5_GM_1_138
3924,Pat5_GM_1_139
3925,Pat5_GM_1_140
3926,Pat5_GM_1_152
3927,Pat5_GM_1_156
3928,Pat5_GM_1_157
3929,Pat5_GM_1_162
3930,Pat5_GM_1_164
3931,Pat5_GM_1_169
3932,Pat5_GM_1_170
3933,Pat5_GM_1_173
3934,Pat5_GM_1_177
3935,Pat5_GM_1_179
3936,Pat5_GM_1_180
3937,Pat5_GM_1_181
3938,Pat5_GM_1_184
3939,Pat5_GM_1_190
3940,Pat5_GM_2_1
3941,Pat5_GM_2_3
3942,Pat5_GM_2_5
3943,Pat5_GM_2_6
3944,Pat5_GM_2_8
3945,Pat5_GM_2_12
3946,Pat5_GM_2_13
3947,Pat5_GM_2_14
3948,Pat5_GM_2_16
3949,Pat5_GM_2_17
3950,Pat5_GM_2_20
3951,Pat5_GM_2_21
3952,Pat5_GM_2_22
3953,Pat5_GM_2_25
3954,Pat5_GM_2_27
3955,Pat5_GM_2_29
3956,Pat5_GM_2_30
3957,Pat5_GM_2_32
3958,Pat5_GM_2_33
3959,Pat5_GM_2_34
3960,Pat5_GM_2_37
3961,Pat5_GM_2_38
3962,Pat5_GM_2_41
3963,Pat5_GM_2_42
3964,Pat5_GM_2_43
3965,Pat5_GM_2_45
3966,Pat5_GM_2_47
3967,Pat5_GM_2_50
3968,Pat5_GM_2_53
3969,Pat5_GM_2_54
3970,Pat5_GM_2_55
3971,Pat5_GM_2_56
3972,Pat5_GM_2_57
3973,Pat5_GM_2_58
3974,Pat5_GM_2_59
3975,Pat5_GM_2_65
3976,Pat5_GM_2_69
3977,Pat5_GM_2_71
3978,Pat5_GM_2_77
3979,Pat5_GM_2_78
3980,Pat5_GM_2_79
3981,Pat5_GM_2_80
3982,Pat5_GM_2_82
3983,Pat5_GM_2_84
3984,Pat5_GM_2_85
3985,Pat5_GM_2_86
3986,Pat5_GM_2_87
3987,Pat5_GM_2_88
3988,Pat5_GM_2_89
3989,Pat5_GM_2_92
3990,Pat5_GM_2_93
3991,Pat5_GM_2_96
3992,Pat5_GM_2_97
3993,Pat5_GM_2_99
3994,Pat5_GM_2_107
3995,Pat5_GM_2_109
3996,Pat5_GM_2_111
3997,Pat5_GM_2_112
3998,Pat5_GM_2_115
3999,Pat5_GM_2_117
4000,Pat5_GM_2_119
4001,Pat5_GM_2_120
4002,Pat5_GM_2_121
4003,Pat5_GM_2_123
4004,Pat5_GM_2_125
4005,Pat5_GM_2_126
4006,Pat5_GM_2_130
4007,Pat5_GM_2_132
4008,Pat5_GM_2_133
4009,Pat5_GM_2_134
4010,Pat5_GM_2_136
4011,Pat5_GM_2_137
4012,Pat5_GM_2_138
4013,Pat5_GM_2_139
4014,Pat5_GM_2_141
4015,Pat5_GM_2_142
4016,Pat5_GM_2_144
4017,Pat5_GM_2_147
4018,Pat5_GM_2_148
4019,Pat5_GM_2_149
4020,Pat5_GM_2_154
4021,Pat5_GM_2_155
4022,Pat5_GM_2_156
4023,Pat5_GM_2_157
4024,Pat5_GM_2_158
4025,Pat5_GM_2_159
4026,Pat5_GM_2_160
4027,Pat5_GM_2_161
4028,Pat5_GM_2_163
4029,Pat5_GM_2_164
4030,Pat5_GM_2_167
4031,Pat5_GM_2_168
4032,Pat5_GM_2_171
4033,Pat5_GM_2_172
4034,Pat5_GM_2_173
4035,Pat5_GM_2_175
4036,Pat5_GM_2_176
4037,Pat5_GM_2_180
4038,Pat5_GM_2_181
4039,Pat5_GM_2_182
4040,Pat5_GM_2_188
4041,Pat5_GM_2_191
4042,Pat5_WM_1_1
4043,Pat5_WM_1_2
4044,Pat5_WM_1_4
4045,Pat5_WM_1_7
4046,Pat5_WM_1_9
4047,Pat5_WM_1_11
4048,Pat5_WM_1_17
4049,Pat5_WM_1_19
4050,Pat5_WM_1_21
4051,Pat5_WM_1_25
4052,Pat5_WM_1_33
4053,Pat5_WM_1_34
4054,Pat5_WM_1_36
4055,Pat5_WM_1_43
4056,Pat5_WM_1_49
4057,Pat5_WM_1_50
4058,Pat5_WM_1_51
4059,Pat5_WM_1_59
4060,Pat5_WM_1_60
4061,Pat5_WM_1_68
4062,Pat5_WM_1_70
4063,Pat5_WM_1_73
4064,Pat5_WM_1_75
4065,Pat5_WM_1_76
4066,Pat5_WM_1_80
4067,Pat5_WM_1_81
4068,Pat5_WM_1_87
4069,Pat5_WM_1_89
4070,Pat5_WM_1_90
4071,Pat5_WM_1_91
4072,Pat5_WM_1_92
4073,Pat5_WM_1_97
4074,Pat5_WM_1_99
4075,Pat5_WM_1_100
4076,Pat5_WM_1_107
4077,Pat5_WM_1_113
4078,Pat5_WM_1_115
4079,Pat5_WM_1_118
4080,Pat5_WM_1_119
4081,Pat5_WM_1_120
4082,Pat5_WM_1_123
4083,Pat5_WM_1_130
4084,Pat5_WM_1_131
4085,Pat5_WM_1_132
4086,Pat5_WM_1_134
4087,Pat5_WM_1_137
4088,Pat5_WM_1_138
4089,Pat5_WM_1_139
4090,Pat5_WM_1_146
4091,Pat5_WM_1_147
4092,Pat5_WM_1_149
4093,Pat5_WM_1_150
4094,Pat5_WM_1_152
4095,Pat5_WM_1_155
4096,Pat5_WM_1_157
4097,Pat5_WM_1_161
4098,Pat5_WM_1_162
4099,Pat5_WM_1_163
4100,Pat5_WM_1_165
4101,Pat5_WM_1_166
4102,Pat5_WM_1_167
4103,Pat5_WM_1_173
4104,Pat5_WM_1_177
4105,Pat5_WM_1_178
4106,Pat5_WM_1_179
4107,Pat5_WM_1_180
4108,Pat5_WM_1_181
4109,Pat5_WM_1_183
4110,Pat5_WM_1_188
4111,Pat5_WM_1_190
4112,Pat5_WM_2_2
4113,Pat5_WM_2_4
4114,Pat5_WM_2_7
4115,Pat5_WM_2_9
4116,Pat5_WM_2_12
4117,Pat5_WM_2_13
4118,Pat5_WM_2_17
4119,Pat5_WM_2_18
4120,Pat5_WM_2_19
4121,Pat5_WM_2_20
4122,Pat5_WM_2_21
4123,Pat5_WM_2_23
4124,Pat5_WM_2_24
4125,Pat5_WM_2_27
4126,Pat5_WM_2_28
4127,Pat5_WM_2_36
4128,Pat5_WM_2_37
4129,Pat5_WM_2_38
4130,Pat5_WM_2_39
4131,Pat5_WM_2_40
4132,Pat5_WM_2_42
4133,Pat5_WM_2_43
4134,Pat5_WM_2_44
4135,Pat5_WM_2_45
4136,Pat5_WM_2_46
4137,Pat5_WM_2_47
4138,Pat5_WM_2_48
4139,Pat5_WM_2_49
4140,Pat5_WM_2_51
4141,Pat5_WM_2_53
4142,Pat5_WM_2_54
4143,Pat5_WM_2_56
4144,Pat5_WM_2_57
4145,Pat5_WM_2_58
4146,Pat5_WM_2_60
4147,Pat5_WM_2_63
4148,Pat5_WM_2_66
4149,Pat5_WM_2_67
4150,Pat5_WM_2_68
4151,Pat5_WM_2_73
4152,Pat5_WM_2_79
4153,Pat5_WM_2_83
4154,Pat5_WM_2_84
4155,Pat5_WM_2_87
4156,Pat5_WM_2_88
4157,Pat5_WM_2_90
4158,Pat5_WM_2_91
4159,Pat5_WM_2_92
4160,Pat5_WM_2_95
4161,Pat5_WM_2_99
4162,Pat5_WM_2_100
4163,Pat5_WM_2_101
4164,Pat5_WM_2_104
4165,Pat5_WM_2_106
4166,Pat5_WM_2_107
4167,Pat5_WM_2_112
4168,Pat5_WM_2_116
4169,Pat5_WM_2_118
4170,Pat5_WM_2_119
4171,Pat5_WM_2_122
4172,Pat5_WM_2_123
4173,Pat5_WM_2_124
4174,Pat5_WM_2_125
4175,Pat5_WM_2_128
4176,Pat5_WM_2_129
4177,Pat5_WM_2_130
4178,Pat5_WM_2_132
4179,Pat5_WM_2_135
4180,Pat5_WM_2_139
4181,Pat5_WM_2_146
4182,Pat5_WM_2_148
4183,Pat5_WM_2_150
4184,Pat5_WM_2_152
4185,Pat5_WM_2_155
4186,Pat5_WM_2_157
4187,Pat5_WM_2_158
4188,Pat5_WM_2_162
4189,Pat5_WM_2_163
4190,Pat5_WM_2_165
4191,Pat5_WM_2_172
4192,Pat5_WM_2_175
4193,Pat5_WM_2_179
4194,Pat5_WM_2_182
4195,Pat5_WM_2_183
4196,Pat5_WM_2_187
4197,Pat5_WM_2_189
4198,Pat5_WM_2_191
4199,Pat13_GM_1_3
4200,Pat13_GM_1_9
4201,Pat13_GM_1_10
4202,Pat13_GM_1_17
4203,Pat13_GM_1_18
4204,Pat13_GM_1_19
4205,Pat13_GM_1_20
4206,Pat13_GM_1_25
4207,Pat13_GM_1_26
4208,Pat13_GM_1_27
4209,Pat13_GM_1_34
4210,Pat13_GM_1_37
4211,Pat13_GM_1_38
4212,Pat13_GM_1_41
4213,Pat13_GM_1_42
4214,Pat13_GM_1_43
4215,Pat13_GM_1_49
4216,Pat13_GM_1_50
4217,Pat13_GM_1_51
4218,Pat13_GM_1_52
4219,Pat13_GM_1_53
4220,Pat13_GM_1_57
4221,Pat13_GM_1_58
4222,Pat13_GM_1_59
4223,Pat13_GM_1_65
4224,Pat13_GM_1_66
4225,Pat13_GM_1_68
4226,Pat13_GM_1_70
4227,Pat13_GM_1_73
4228,Pat13_GM_1_74
4229,Pat13_GM_1_75
4230,Pat13_GM_1_81
4231,Pat13_GM_1_83
4232,Pat13_GM_1_84
4233,Pat13_GM_1_85
4234,Pat13_GM_1_86
4235,Pat13_GM_1_89
4236,Pat13_GM_1_90
4237,Pat13_GM_1_91
4238,Pat13_GM_1_97
4239,Pat13_GM_1_98
4240,Pat13_GM_1_99
4241,Pat13_GM_1_100
4242,Pat13_GM_1_102
4243,Pat13_GM_1_103
4244,Pat13_GM_1_104
4245,Pat13_GM_1_106
4246,Pat13_GM_1_108
4247,Pat13_GM_1_110
4248,Pat13_GM_1_114
4249,Pat13_GM_1_115
4250,Pat13_GM_1_120
4251,Pat13_GM_1_121
4252,Pat13_GM_1_124
4253,Pat13_GM_1_129
4254,Pat13_GM_1_130
4255,Pat13_GM_1_131
4256,Pat13_GM_1_132
4257,Pat13_GM_1_134
4258,Pat13_GM_1_135
4259,Pat13_GM_1_136
4260,Pat13_GM_1_137
4261,Pat13_GM_1_138
4262,Pat13_GM_1_139
4263,Pat13_GM_1_140
4264,Pat13_GM_1_141
4265,Pat13_GM_1_145
4266,Pat13_GM_1_147
4267,Pat13_GM_1_148
4268,Pat13_GM_1_151
4269,Pat13_GM_1_152
4270,Pat13_GM_1_153
4271,Pat13_GM_1_156
4272,Pat13_GM_1_158
4273,Pat13_GM_1_161
4274,Pat13_GM_1_164
4275,Pat13_GM_1_165
4276,Pat13_GM_1_166
4277,Pat13_GM_1_167
4278,Pat13_GM_1_168
4279,Pat13_GM_1_169
4280,Pat13_GM_1_170
4281,Pat13_GM_1_173
4282,Pat13_GM_1_177
4283,Pat13_GM_1_178
4284,Pat13_GM_1_179
4285,Pat13_GM_1_181
4286,Pat13_GM_1_182
4287,Pat13_GM_1_183
4288,Pat13_GM_1_184
4289,Pat13_GM_1_185
4290,Pat13_GM_1_186
4291,Pat13_GM_1_187
4292,Pat13_GM_1_190
4293,Pat13_GM_2_1
4294,Pat13_GM_2_2
4295,Pat13_GM_2_3
4296,Pat13_GM_2_4
4297,Pat13_GM_2_5
4298,Pat13_GM_2_6
4299,Pat13_GM_2_7
4300,Pat13_GM_2_8
4301,Pat13_GM_2_10
4302,Pat13_GM_2_12
4303,Pat13_GM_2_14
4304,Pat13_GM_2_15
4305,Pat13_GM_2_18
4306,Pat13_GM_2_19
4307,Pat13_GM_2_20
4308,Pat13_GM_2_21
4309,Pat13_GM_2_23
4310,Pat13_GM_2_24
4311,Pat13_GM_2_25
4312,Pat13_GM_2_26
4313,Pat13_GM_2_27
4314,Pat13_GM_2_28
4315,Pat13_GM_2_30
4316,Pat13_GM_2_31
4317,Pat13_GM_2_34
4318,Pat13_GM_2_36
4319,Pat13_GM_2_37
4320,Pat13_GM_2_38
4321,Pat13_GM_2_39
4322,Pat13_GM_2_40
4323,Pat13_GM_2_41
4324,Pat13_GM_2_42
4325,Pat13_GM_2_43
4326,Pat13_GM_2_44
4327,Pat13_GM_2_45
4328,Pat13_GM_2_46
4329,Pat13_GM_2_49
4330,Pat13_GM_2_50
4331,Pat13_GM_2_51
4332,Pat13_GM_2_53
4333,Pat13_GM_2_60
4334,Pat13_GM_2_61
4335,Pat13_GM_2_65
4336,Pat13_GM_2_67
4337,Pat13_GM_2_70
4338,Pat13_GM_2_71
4339,Pat13_GM_2_72
4340,Pat13_GM_2_74
4341,Pat13_GM_2_76
4342,Pat13_GM_2_81
4343,Pat13_GM_2_82
4344,Pat13_GM_2_87
4345,Pat13_GM_2_90
4346,Pat13_GM_2_91
4347,Pat13_GM_2_92
4348,Pat13_GM_2_93
4349,Pat13_GM_2_94
4350,Pat13_GM_2_97
4351,Pat13_GM_2_99
4352,Pat13_GM_2_103
4353,Pat13_GM_2_107
4354,Pat13_GM_2_110
4355,Pat13_GM_2_112
4356,Pat13_GM_2_114
4357,Pat13_GM_2_115
4358,Pat13_GM_2_117
4359,Pat13_GM_2_118
4360,Pat13_GM_2_119
4361,Pat13_GM_2_120
4362,Pat13_GM_2_121
4363,Pat13_GM_2_124
4364,Pat13_GM_2_126
4365,Pat13_GM_2_127
4366,Pat13_GM_2_130
4367,Pat13_GM_2_131
4368,Pat13_GM_2_132
4369,Pat13_GM_2_134
4370,Pat13_GM_2_135
4371,Pat13_GM_2_136
4372,Pat13_GM_2_140
4373,Pat13_GM_2_142
4374,Pat13_GM_2_144
4375,Pat13_GM_2_145
4376,Pat13_GM_2_147
4377,Pat13_GM_2_149
4378,Pat13_GM_2_150
4379,Pat13_GM_2_151
4380,Pat13_GM_2_152
4381,Pat13_GM_2_155
4382,Pat13_GM_2_156
4383,Pat13_GM_2_158
4384,Pat13_GM_2_160
4385,Pat13_GM_2_163
4386,Pat13_GM_2_164
4387,Pat13_GM_2_165
4388,Pat13_GM_2_166
4389,Pat13_GM_2_167
4390,Pat13_GM_2_171
4391,Pat13_GM_2_172
4392,Pat13_GM_2_173
4393,Pat13_GM_2_175
4394,Pat13_GM_2_176
4395,Pat13_GM_2_177
4396,Pat13_GM_2_178
4397,Pat13_GM_2_179
4398,Pat13_GM_2_180
4399,Pat13_GM_2_182
4400,Pat13_GM_2_187
4401,Pat13_GM_2_188
4402,Pat13_GM_2_190
